GivenName,SurnameCount,Female,Male,Gender,pVal
あい,7,7,0,f,1.91762446775101E-05
アイ子,2,2,0,f,0.044897086918354
あおい,4,4,0,f,0.00201574829407036
あかね,11,11,0,f,3.86544840580427E-08
あかり,9,9,0,f,8.60957527493156E-07
あき,4,4,0,f,0.00201574829407036
あきみ,2,2,0,f,0.044897086918354
あき子,5,5,0,f,0.000427115563070402
あけみ,9,9,0,f,8.60957527493156E-07
あすか,10,10,0,f,1.82427712047684E-07
あずさ,12,12,0,f,8.19047318856292E-09
あずみ,4,4,0,f,0.00201574829407036
あづさ,3,3,0,f,0.00951321329921484
あつみ,2,2,0,f,0.044897086918354
あつ子,2,2,0,f,0.044897086918354
あや,4,4,0,f,0.00201574829407036
あやか,2,2,0,f,0.044897086918354
あやめ,3,3,0,f,0.00951321329921484
あゆみ,39,39,0,f,0.00100000004749745
あゆ美,3,3,0,f,0.00951321329921484
ありさ,2,2,0,f,0.044897086918354
いさ子,2,2,0,f,0.044897086918354
いずみ,6,6,0,f,9.05012275325134E-05
いつか,2,2,0,f,0.044897086918354
いづみ,18,18,0,f,7.41247883385976E-13
いつ子,2,2,0,f,0.044897086918354
えみり,2,2,0,f,0.044897086918354
エリカ,2,2,0,f,0.044897086918354
えりか,5,5,0,f,0.000427115563070402
えりな,2,2,0,f,0.044897086918354
えり子,4,4,0,f,0.00201574829407036
かおり,57,57,0,f,0.00100000004749745
かおる,12,11,1,f,3.7375860983957E-07
かすみ,5,5,0,f,0.000427115563070402
かなみ,2,2,0,f,0.044897086918354
かな子,2,2,0,f,0.044897086918354
かほり,3,3,0,f,0.00951321329921484
かほる,4,4,0,f,0.00201574829407036
かよ,2,2,0,f,0.044897086918354
かをり,4,4,0,f,0.00201574829407036
きよの,2,2,0,f,0.044897086918354
キヨミ,2,2,0,f,0.044897086918354
きよみ,3,3,0,f,0.00951321329921484
くみ,2,2,0,f,0.044897086918354
くるみ,4,4,0,f,0.00201574829407036
ケイ,2,2,0,f,0.044897086918354
けい,2,2,0,f,0.044897086918354
けい子,2,2,0,f,0.044897086918354
こころ,4,4,0,f,0.00201574829407036
こずえ,7,7,0,f,1.91762446775101E-05
こず恵,3,3,0,f,0.00951321329921484
さおり,24,24,0,f,0.00100000004749745
さくら,16,16,0,f,1.65099323101714E-11
さつき,12,12,0,f,8.19047318856292E-09
さとみ,12,12,0,f,8.19047318856292E-09
さと子,5,5,0,f,0.000427115563070402
さなえ,3,3,0,f,0.00951321329921484
さやか,20,20,0,f,3.32798702875128E-14
さや香,3,3,0,f,0.00951321329921484
サユリ,2,2,0,f,0.044897086918354
さゆり,20,20,0,f,3.32798702875128E-14
さよ子,2,2,0,f,0.044897086918354
しおり,3,3,0,f,0.00951321329921484
しずか,2,2,0,f,0.044897086918354
しのぶ,21,21,0,f,7.05164923577983E-15
しほり,2,2,0,f,0.044897086918354
すみえ,2,2,0,f,0.044897086918354
すみれ,6,6,0,f,9.05012275325134E-05
せき子,2,2,0,f,0.044897086918354
そら,2,2,0,f,0.044897086918354
たか子,2,2,0,f,0.044897086918354
たつ江,2,2,0,f,0.044897086918354
たづ子,2,2,0,f,0.044897086918354
たまき,3,3,0,f,0.00951321329921484
ちあき,3,3,0,f,0.00951321329921484
ちえ,2,2,0,f,0.044897086918354
ちか,3,3,0,f,0.00951321329921484
ちとせ,4,4,0,f,0.00201574829407036
ちなみ,2,2,0,f,0.044897086918354
ちはる,3,3,0,f,0.00951321329921484
ちひろ,12,12,0,f,8.19047318856292E-09
ちほ,2,2,0,f,0.044897086918354
つぐみ,5,5,0,f,0.000427115563070402
てるみ,3,3,0,f,0.00951321329921484
としみ,2,2,0,f,0.044897086918354
とし子,5,5,0,f,0.000427115563070402
ともみ,5,5,0,f,0.000427115563070402
トモ子,3,3,0,f,0.00951321329921484
とも子,8,8,0,f,4.06324170398875E-06
ナオミ,2,2,0,f,0.044897086918354
なおみ,4,4,0,f,0.00201574829407036
なお子,3,3,0,f,0.00951321329921484
なぎさ,6,6,0,f,9.05012275325134E-05
なつみ,3,3,0,f,0.00951321329921484
なつ美,3,3,0,f,0.00951321329921484
なる美,2,2,0,f,0.044897086918354
のぞみ,10,10,0,f,1.82427712047684E-07
のどか,3,2,1,b,0.115664832293987
のり子,9,9,0,f,8.60957527493156E-07
はづき,4,4,0,f,0.00201574829407036
はな,2,2,0,f,0.044897086918354
はるか,5,5,0,f,0.000427115563070402
はるな,4,4,0,f,0.00201574829407036
はるみ,6,6,0,f,9.05012275325134E-05
ひかり,6,6,0,f,9.05012275325134E-05
ひかる,8,8,0,f,4.06324170398875E-06
ひづる,2,2,0,f,0.044897086918354
ひとみ,49,49,0,f,0.00100000004749745
ひな,3,3,0,f,0.00951321329921484
ひろみ,31,31,0,f,0.00100000004749745
ヒロ子,2,2,0,f,0.044897086918354
ひろ子,3,3,0,f,0.00951321329921484
ひろ美,3,3,0,f,0.00951321329921484
ふみ,4,4,0,f,0.00201574829407036
ふみえ,2,2,0,f,0.044897086918354
ほのか,4,4,0,f,0.00201574829407036
マキ,2,2,0,f,0.044897086918354
まき子,3,3,0,f,0.00951321329921484
まさみ,5,4,1,f,0.00837027933448553
まさ子,3,3,0,f,0.00951321329921484
まさ美,2,2,0,f,0.044897086918354
ますみ,8,8,0,f,4.06324170398875E-06
まち子,2,2,0,f,0.044897086918354
まどか,8,8,0,f,4.06324170398875E-06
まなみ,3,3,0,f,0.00951321329921484
まみ,2,2,0,f,0.044897086918354
まや,4,4,0,f,0.00201574829407036
まゆ,3,3,0,f,0.00951321329921484
まゆみ,30,30,0,f,0.00100000004749745
まり,7,7,0,f,1.91762446775101E-05
まりえ,2,2,0,f,0.044897086918354
マリ子,4,4,0,f,0.00201574829407036
まり子,7,7,0,f,1.91762446775101E-05
みか,4,4,0,f,0.00201574829407036
ミキ,3,3,0,f,0.00951321329921484
みき,7,7,0,f,1.91762446775101E-05
みさき,5,5,0,f,0.000427115563070402
みさと,2,2,0,f,0.044897086918354
みさ子,4,4,0,f,0.00201574829407036
みずき,5,5,0,f,0.000427115563070402
みずほ,7,7,0,f,1.91762446775101E-05
みちる,5,5,0,f,0.000427115563070402
みち子,2,2,0,f,0.044897086918354
みち代,2,2,0,f,0.044897086918354
みづき,2,2,0,f,0.044897086918354
みつる,3,2,1,b,0.115664832293987
みつ子,2,2,0,f,0.044897086918354
みどり,44,44,0,f,0.00100000004749745
みなみ,4,4,0,f,0.00201574829407036
みのり,12,12,0,f,8.19047318856292E-09
みゆき,40,40,0,f,0.00100000004749745
むつみ,4,4,0,f,0.00201574829407036
めぐみ,59,59,0,f,0.00100000004749745
ももこ,3,3,0,f,0.00951321329921484
やす子,4,4,0,f,0.00201574829407036
やよい,7,7,0,f,1.91762446775101E-05
ゆい,2,2,0,f,0.044897086918354
ゆうき,2,1,1,b,0.378881573677063
ゆうこ,2,2,0,f,0.044897086918354
ゆう子,5,5,0,f,0.000427115563070402
ゆか,9,9,0,f,8.60957527493156E-07
ゆかり,54,54,0,f,0.00100000004749745
ゆき,6,6,0,f,9.05012275325134E-05
ユミ,3,3,0,f,0.00951321329921484
ゆみ,7,7,0,f,1.91762446775101E-05
ゆみ子,2,2,0,f,0.044897086918354
ユリ,2,2,0,f,0.044897086918354
ゆり,6,6,0,f,9.05012275325134E-05
ゆりえ,4,4,0,f,0.00201574829407036
ゆり子,4,4,0,f,0.00201574829407036
ようこ,2,2,0,f,0.044897086918354
よしみ,2,2,0,f,0.044897086918354
よし子,2,2,0,f,0.044897086918354
りえ,2,2,0,f,0.044897086918354
リカ,4,4,0,f,0.00201574829407036
りか,3,3,0,f,0.00951321329921484
りさ,2,2,0,f,0.044897086918354
りつ子,2,2,0,f,0.044897086918354
るな,2,2,0,f,0.044897086918354
ルミ,4,4,0,f,0.00201574829407036
るみ,3,3,0,f,0.00951321329921484
ルミ子,6,6,0,f,9.05012275325134E-05
るみ子,7,7,0,f,1.91762446775101E-05
るり子,2,2,0,f,0.044897086918354
レイ子,2,2,0,f,0.044897086918354
れい子,2,2,0,f,0.044897086918354
亜衣,4,4,0,f,0.00201574829407036
亜衣子,2,2,0,f,0.044897086918354
亜希,11,11,0,f,3.86544840580427E-08
亜希子,40,40,0,f,0.00100000004749745
亜季,5,5,0,f,0.000427115563070402
亜紀,24,24,0,f,0.00100000004749745
亜紀子,25,25,0,f,0.00100000004749745
亜貴子,2,2,0,f,0.044897086918354
亜弓,4,4,0,f,0.00201574829407036
亜沙美,4,4,0,f,0.00201574829407036
亜子,5,5,0,f,0.000427115563070402
亜樹,4,3,1,f,0.0320056080818176
亜純,2,2,0,f,0.044897086918354
亜美,12,12,0,f,8.19047318856292E-09
亜美花,2,2,0,f,0.044897086918354
亜耶,4,4,0,f,0.00201574829407036
亜弥,7,7,0,f,1.91762446775101E-05
亜矢,5,5,0,f,0.000427115563070402
亜矢子,14,14,0,f,3.67728375527676E-10
亜由子,2,2,0,f,0.044897086918354
亜由美,9,9,0,f,8.60957527493156E-07
亜夕美,2,2,0,f,0.044897086918354
亜里沙,2,2,0,f,0.044897086918354
愛,72,71,1,f,0.00100000004749745
愛依,2,2,0,f,0.044897086918354
愛佳,2,2,0,f,0.044897086918354
愛花,3,3,0,f,0.00951321329921484
愛華,3,3,0,f,0.00951321329921484
愛結,2,2,0,f,0.044897086918354
愛香,2,2,0,f,0.044897086918354
愛菜,2,2,0,f,0.044897086918354
愛子,33,33,0,f,0.00100000004749745
愛実,5,5,0,f,0.000427115563070402
愛奈,2,2,0,f,0.044897086918354
愛乃,2,2,0,f,0.044897086918354
愛美,21,21,0,f,7.05164923577983E-15
愛梨,4,4,0,f,0.00201574829407036
愛理,6,6,0,f,9.05012275325134E-05
愛里,3,3,0,f,0.00951321329921484
愛莉,5,5,0,f,0.000427115563070402
葵,28,19,9,f,0.00100000004749745
葵衣,2,2,0,f,0.044897086918354
茜,27,27,0,f,0.00100000004749745
旭,16,1,15,b,0.11743888258934
梓,20,18,2,f,8.9985449647223E-11
絢,2,1,1,b,0.378881573677063
絢香,2,2,0,f,0.044897086918354
絢子,9,9,0,f,8.60957527493156E-07
綾,30,29,1,f,0.00100000004749745
綾音,3,3,0,f,0.00951321329921484
綾佳,3,3,0,f,0.00951321329921484
綾花,2,2,0,f,0.044897086918354
綾香,21,21,0,f,7.05164923577983E-15
綾子,57,57,0,f,0.00100000004749745
綾乃,18,18,0,f,7.41247883385976E-13
鮎子,2,2,0,f,0.044897086918354
鮎美,4,4,0,f,0.00201574829407036
安希子,4,4,0,f,0.00201574829407036
安江,2,2,0,f,0.044897086918354
安子,5,5,0,f,0.000427115563070402
安世,2,1,1,b,0.378881573677063
安代,5,5,0,f,0.000427115563070402
安奈,3,3,0,f,0.00951321329921484
安美,3,1,2,b,0.510489940643311
杏,2,2,0,f,0.044897086918354
杏菜,4,4,0,f,0.00201574829407036
杏樹,2,2,0,f,0.044897086918354
杏奈,13,13,0,f,1.73547376469685E-09
伊織,9,3,6,b,0.293646693229675
伊津子,2,2,0,f,0.044897086918354
伊都子,2,2,0,f,0.044897086918354
依子,5,5,0,f,0.000427115563070402
依里,3,3,0,f,0.00951321329921484
威,9,1,8,b,0.401120543479919
育,2,1,1,b,0.378881573677063
育子,17,17,0,f,3.49827848980522E-12
育代,12,12,0,f,8.19047318856292E-09
育美,9,9,0,f,8.60957527493156E-07
郁,15,6,9,b,0.0776554271578789
郁佳,2,2,0,f,0.044897086918354
郁恵,4,4,0,f,0.00201574829407036
郁江,3,3,0,f,0.00951321329921484
郁子,31,31,0,f,0.00100000004749745
郁枝,2,2,0,f,0.044897086918354
郁代,4,4,0,f,0.00201574829407036
郁美,6,6,0,f,9.05012275325134E-05
郁夫,19,0,19,m,0.0108431875705719
一,49,0,49,m,0.00100000004749745
一喜,13,0,13,m,0.0452515780925751
一貴,29,0,29,m,0.00600000005215406
一輝,24,0,24,m,0.0120000001043081
一恵,13,13,0,f,1.73547376469685E-09
一宏,13,0,13,m,0.0452515780925751
一幸,21,0,21,m,0.00673490390181541
一弘,30,0,30,m,0.00499999988824129
一浩,21,0,21,m,0.00673490390181541
一行,13,0,13,m,0.0452515780925751
一子,3,3,0,f,0.00951321329921484
一志,18,0,18,m,0.0137584581971169
一枝,4,4,0,f,0.00201574829407036
一実,7,2,5,b,0.455742239952087
一樹,51,0,51,m,0.00100000004749745
一真,23,0,23,m,0.00418317271396518
一人,15,0,15,m,0.0281065888702869
一仁,17,0,17,m,0.0174575205892324
一世,2,1,1,b,0.378881573677063
一成,59,0,59,m,0.00100000004749745
一生,14,0,14,m,0.0356632508337498
一代,2,2,0,f,0.044897086918354
一男,31,0,31,m,0.00499999988824129
一徳,22,0,22,m,0.00530784949660301
一馬,15,0,15,m,0.0281065888702869
一博,29,0,29,m,0.00600000005215406
一美,30,19,11,f,0.00100000004749745
一彦,46,0,46,m,0.00100000004749745
一夫,44,0,44,m,0.00100000004749745
一平,29,0,29,m,0.00600000005215406
一穂,2,1,1,b,0.378881573677063
一也,49,0,49,m,0.00100000004749745
一雄,35,0,35,m,0.00300000002607703
一葉,5,4,1,f,0.00837027933448553
一朗,19,0,19,m,0.0108431875705719
一郎,84,0,84,m,0.00100000004749745
逸子,3,3,0,f,0.00951321329921484
逸美,3,3,0,f,0.00951321329921484
稲子,2,2,0,f,0.044897086918354
映,2,2,0,f,0.044897086918354
映子,4,4,0,f,0.00201574829407036
映美,2,2,0,f,0.044897086918354
栄,21,0,21,m,0.00673490390181541
栄一,45,0,45,m,0.00100000004749745
栄司,13,0,13,m,0.0452515780925751
栄子,22,22,0,f,1.49416918945102E-15
栄治,39,0,39,m,0.0020000000949949
栄二,25,0,25,m,0.00999999977648258
栄美,2,2,0,f,0.044897086918354
栄美子,2,2,0,f,0.044897086918354
栄里,4,4,0,f,0.00201574829407036
永子,5,5,0,f,0.000427115563070402
瑛子,3,3,0,f,0.00951321329921484
瑛美,4,4,0,f,0.00201574829407036
英,14,2,12,b,0.40448796749115
英一,39,0,39,m,0.0020000000949949
英紀,15,0,15,m,0.0281065888702869
英恵,3,2,1,b,0.115664832293987
英幸,24,0,24,m,0.0120000001043081
英行,13,0,13,m,0.0452515780925751
英司,37,0,37,m,0.00300000002607703
英子,26,26,0,f,0.00100000004749745
英次,13,0,13,m,0.0452515780925751
英治,48,0,48,m,0.00100000004749745
英樹,149,0,149,m,0.00100000004749745
英俊,27,0,27,m,0.00800000037997961
英昭,20,0,20,m,0.00854563154280186
英人,18,0,18,m,0.0137584581971169
英生,19,0,19,m,0.0108431875705719
英男,18,0,18,m,0.0137584581971169
英二,41,0,41,m,0.00100000004749745
英之,49,0,49,m,0.00100000004749745
英美,11,7,4,f,0.00280054565519094
英美子,4,4,0,f,0.00201574829407036
英彦,16,0,16,m,0.0221511032432318
英夫,25,0,25,m,0.00999999977648258
英明,78,0,78,m,0.00100000004749745
英雄,49,0,49,m,0.00100000004749745
英理,3,3,0,f,0.00951321329921484
英里,7,7,0,f,1.91762446775101E-05
英里香,2,2,0,f,0.044897086918354
英里子,2,2,0,f,0.044897086918354
英和,13,0,13,m,0.0452515780925751
衛,30,0,30,m,0.00499999988824129
詠子,5,5,0,f,0.000427115563070402
悦子,76,76,0,f,0.00100000004749745
悦代,6,6,0,f,9.05012275325134E-05
円,13,9,4,f,0.000264983449596912
円佳,2,2,0,f,0.044897086918354
円香,3,3,0,f,0.00951321329921484
園子,5,5,0,f,0.000427115563070402
園代,2,2,0,f,0.044897086918354
園美,3,3,0,f,0.00951321329921484
延代,2,2,0,f,0.044897086918354
縁,2,2,0,f,0.044897086918354
温子,13,13,0,f,1.73547376469685E-09
音々,2,2,0,f,0.044897086918354
佳,5,2,3,b,0.287234365940094
佳恵,8,8,0,f,4.06324170398875E-06
佳宏,13,0,13,m,0.0452515780925751
佳江,5,5,0,f,0.000427115563070402
佳菜,3,3,0,f,0.00951321329921484
佳菜子,2,2,0,f,0.044897086918354
佳子,80,80,0,f,0.00100000004749745
佳寿子,2,2,0,f,0.044897086918354
佳寿美,2,2,0,f,0.044897086918354
佳織,8,8,0,f,4.06324170398875E-06
佳澄,4,3,1,f,0.0320056080818176
佳世,6,6,0,f,9.05012275325134E-05
佳世子,6,6,0,f,9.05012275325134E-05
佳代,29,29,0,f,0.00100000004749745
佳代子,30,30,0,f,0.00100000004749745
佳奈,26,26,0,f,0.00100000004749745
佳奈子,13,13,0,f,1.73547376469685E-09
佳奈美,2,2,0,f,0.044897086918354
佳那,6,6,0,f,9.05012275325134E-05
佳乃,2,2,0,f,0.044897086918354
佳美,11,10,1,f,1.62015999194409E-06
佳苗,6,6,0,f,9.05012275325134E-05
佳穂,2,1,1,b,0.378881573677063
佳名恵,2,2,0,f,0.044897086918354
佳名子,2,2,0,f,0.044897086918354
佳也,4,1,3,b,0.614211916923523
佳祐,13,0,13,m,0.0452515780925751
佳与,2,2,0,f,0.044897086918354
加恵,2,2,0,f,0.044897086918354
加寿子,4,4,0,f,0.00201574829407036
加織,2,2,0,f,0.044897086918354
加代,5,5,0,f,0.000427115563070402
加代子,15,15,0,f,7.79177139476062E-11
加奈,11,11,0,f,3.86544840580427E-08
加奈絵,2,2,0,f,0.044897086918354
加奈子,30,30,0,f,0.00100000004749745
可奈,3,3,0,f,0.00951321329921484
可奈子,5,5,0,f,0.000427115563070402
可南子,5,5,0,f,0.000427115563070402
嘉子,7,7,0,f,1.91762446775101E-05
嘉代,3,3,0,f,0.00951321329921484
嘉代子,2,2,0,f,0.044897086918354
嘉之,13,0,13,m,0.0452515780925751
夏葵,2,1,1,b,0.378881573677063
夏海,6,5,1,f,0.0021101871971041
夏希,8,7,1,f,0.000124967264127918
夏紀,3,3,0,f,0.00951321329921484
夏輝,4,1,3,b,0.614211916923523
夏菜,2,2,0,f,0.044897086918354
夏子,7,7,0,f,1.91762446775101E-05
夏実,2,2,0,f,0.044897086918354
夏樹,9,1,8,b,0.401120543479919
夏代,4,4,0,f,0.00201574829407036
夏奈,2,2,0,f,0.044897086918354
夏帆,2,2,0,f,0.044897086918354
夏妃,2,2,0,f,0.044897086918354
夏美,7,7,0,f,1.91762446775101E-05
夏未,2,2,0,f,0.044897086918354
夏来,2,1,1,b,0.378881573677063
果奈,3,3,0,f,0.00951321329921484
果穂,2,2,0,f,0.044897086918354
果林,3,3,0,f,0.00951321329921484
花,2,2,0,f,0.044897086918354
花音,7,7,0,f,1.91762446775101E-05
花菜,3,3,0,f,0.00951321329921484
花子,2,2,0,f,0.044897086918354
花織,2,2,0,f,0.044897086918354
花奈,3,3,0,f,0.00951321329921484
花乃,2,2,0,f,0.044897086918354
花怜,2,2,0,f,0.044897086918354
華,6,6,0,f,9.05012275325134E-05
華菜,2,2,0,f,0.044897086918354
華子,8,8,0,f,4.06324170398875E-06
華奈,2,2,0,f,0.044897086918354
華奈子,2,2,0,f,0.044897086918354
華苗,2,2,0,f,0.044897086918354
華穂,2,2,0,f,0.044897086918354
芽以,2,2,0,f,0.044897086918354
芽衣,5,5,0,f,0.000427115563070402
芽子,2,2,0,f,0.044897086918354
芽生,3,3,0,f,0.00951321329921484
賀子,8,8,0,f,4.06324170398875E-06
賀代,2,2,0,f,0.044897086918354
雅,16,1,15,b,0.11743888258934
雅一,21,0,21,m,0.00673490390181541
雅恵,6,6,0,f,9.05012275325134E-05
雅幸,16,0,16,m,0.0221511032432318
雅弘,29,0,29,m,0.00600000005215406
雅浩,13,0,13,m,0.0452515780925751
雅行,16,0,16,m,0.0221511032432318
雅司,16,0,16,m,0.0221511032432318
雅史,46,0,46,m,0.00100000004749745
雅子,59,59,0,f,0.00100000004749745
雅枝,2,2,0,f,0.044897086918354
雅実,3,1,2,b,0.510489940643311
雅樹,33,0,33,m,0.00400000018998981
雅俊,30,0,30,m,0.00499999988824129
雅章,17,0,17,m,0.0174575205892324
雅人,69,0,69,m,0.00100000004749745
雅仁,15,0,15,m,0.0281065888702869
雅世,3,3,0,f,0.00951321329921484
雅則,15,0,15,m,0.0281065888702869
雅代,19,19,0,f,1.57062514036244E-13
雅之,89,0,89,m,0.00100000004749745
雅博,27,0,27,m,0.00800000037997961
雅美,33,24,9,f,0.00100000004749745
雅彦,73,0,73,m,0.00100000004749745
雅敏,14,0,14,m,0.0356632508337498
雅夫,17,0,17,m,0.0174575205892324
雅文,26,0,26,m,0.00899999961256981
雅明,16,0,16,m,0.0221511032432318
雅也,52,0,52,m,0.00100000004749745
雅裕,16,0,16,m,0.0221511032432318
絵美,20,20,0,f,3.32798702875128E-14
絵美子,5,5,0,f,0.000427115563070402
絵梨,3,3,0,f,0.00951321329921484
絵梨子,3,3,0,f,0.00951321329921484
絵理,7,7,0,f,1.91762446775101E-05
絵理香,3,3,0,f,0.00951321329921484
絵理子,4,4,0,f,0.00201574829407036
絵里,10,10,0,f,1.82427712047684E-07
絵里佳,2,2,0,f,0.044897086918354
絵里加,2,2,0,f,0.044897086918354
絵里香,5,5,0,f,0.000427115563070402
絵里子,6,6,0,f,9.05012275325134E-05
絵里奈,2,2,0,f,0.044897086918354
馨,21,1,20,m,0.0447601974010468
馨子,2,2,0,f,0.044897086918354
格,14,0,14,m,0.0356632508337498
覚,31,0,31,m,0.00499999988824129
学,192,0,192,m,0.00100000004749745
岳,26,0,26,m,0.00899999961256981
岳史,14,0,14,m,0.0356632508337498
叶恵,2,2,0,f,0.044897086918354
寛,93,0,93,m,0.00100000004749745
寛子,22,22,0,f,1.49416918945102E-15
寛人,14,0,14,m,0.0356632508337498
寛之,51,0,51,m,0.00100000004749745
寛美,4,3,1,f,0.0320056080818176
幹夫,24,0,24,m,0.0120000001043081
幹雄,22,0,22,m,0.00530784949660301
環,8,3,5,b,0.229819104075432
環美,2,2,0,f,0.044897086918354
巌,18,0,18,m,0.0137584581971169
喜一,13,0,13,m,0.0452515780925751
喜久,6,1,5,b,0.626161813735962
喜久江,2,2,0,f,0.044897086918354
喜久子,3,3,0,f,0.00951321329921484
喜久美,2,2,0,f,0.044897086918354
喜子,4,4,0,f,0.00201574829407036
喜代子,4,4,0,f,0.00201574829407036
喜代美,7,7,0,f,1.91762446775101E-05
喜美子,8,8,0,f,4.06324170398875E-06
喜美代,2,2,0,f,0.044897086918354
基,21,0,21,m,0.00673490390181541
希,13,11,2,f,1.95835355043528E-06
希実,3,3,0,f,0.00951321329921484
希代子,2,2,0,f,0.044897086918354
希美,3,3,0,f,0.00951321329921484
希望,8,6,2,f,0.00169890280812979
幾子,3,3,0,f,0.00951321329921484
毅,117,0,117,m,0.00100000004749745
紀久子,2,2,0,f,0.044897086918354
紀子,75,75,0,f,0.00100000004749745
紀実,2,1,1,b,0.378881573677063
紀美江,2,2,0,f,0.044897086918354
紀美子,2,2,0,f,0.044897086918354
紀美代,2,2,0,f,0.044897086918354
紀彦,14,0,14,m,0.0356632508337498
紀夫,15,0,15,m,0.0281065888702869
規子,7,7,0,f,1.91762446775101E-05
記子,2,2,0,f,0.044897086918354
記代美,2,2,0,f,0.044897086918354
貴,24,0,24,m,0.0120000001043081
貴紀,14,0,14,m,0.0356632508337498
貴久,18,0,18,m,0.0137584581971169
貴光,13,0,13,m,0.0452515780925751
貴宏,17,0,17,m,0.0174575205892324
貴幸,15,0,15,m,0.0281065888702869
貴広,14,0,14,m,0.0356632508337498
貴弘,24,0,24,m,0.0120000001043081
貴浩,17,0,17,m,0.0174575205892324
貴行,16,0,16,m,0.0221511032432318
貴司,25,0,25,m,0.00999999977648258
貴史,59,0,59,m,0.00100000004749745
貴士,20,0,20,m,0.00854563154280186
貴子,66,66,0,f,0.00100000004749745
貴志,60,0,60,m,0.00100000004749745
貴世,2,1,1,b,0.378881573677063
貴代,3,3,0,f,0.00951321329921484
貴代美,2,2,0,f,0.044897086918354
貴大,44,0,44,m,0.00100000004749745
貴之,104,0,104,m,0.00100000004749745
貴博,35,0,35,m,0.00300000002607703
貴美,2,2,0,f,0.044897086918354
貴美子,16,16,0,f,1.65099323101714E-11
貴美代,3,3,0,f,0.00951321329921484
貴彦,24,0,24,m,0.0120000001043081
貴文,20,0,20,m,0.00854563154280186
貴野,2,2,0,f,0.044897086918354
貴裕,33,0,33,m,0.00400000018998981
貴洋,13,0,13,m,0.0452515780925751
輝,37,0,37,m,0.00300000002607703
輝久,14,0,14,m,0.0356632508337498
輝子,5,5,0,f,0.000427115563070402
輝美,12,10,2,f,7.85216707299696E-06
輝彦,13,0,13,m,0.0452515780925751
宜子,2,2,0,f,0.044897086918354
義一,21,0,21,m,0.00673490390181541
義久,18,0,18,m,0.0137584581971169
義孝,17,0,17,m,0.0174575205892324
義幸,16,0,16,m,0.0221511032432318
義弘,20,0,20,m,0.00854563154280186
義子,3,3,0,f,0.00951321329921484
義治,22,0,22,m,0.00530784949660301
義昭,17,0,17,m,0.0174575205892324
義信,19,0,19,m,0.0108431875705719
義人,29,0,29,m,0.00600000005215406
義仁,15,0,15,m,0.0281065888702869
義則,24,0,24,m,0.0120000001043081
義典,13,0,13,m,0.0452515780925751
義之,31,0,31,m,0.00499999988824129
義美,4,1,3,b,0.614211916923523
義彦,23,0,23,m,0.00418317271396518
義明,37,0,37,m,0.00300000002607703
義雄,17,0,17,m,0.0174575205892324
義隆,18,0,18,m,0.0137584581971169
義和,22,0,22,m,0.00530784949660301
菊江,2,2,0,f,0.044897086918354
菊子,2,2,0,f,0.044897086918354
吉英,2,1,1,b,0.378881573677063
吉美,3,2,1,b,0.115664832293987
久,29,0,29,m,0.00600000005215406
久恵,6,6,0,f,9.05012275325134E-05
久江,2,2,0,f,0.044897086918354
久子,20,20,0,f,3.32798702875128E-14
久枝,3,3,0,f,0.00951321329921484
久実子,2,2,0,f,0.044897086918354
久仁子,5,5,0,f,0.000427115563070402
久代,5,5,0,f,0.000427115563070402
久美,48,46,2,f,0.00100000004749745
久美恵,2,2,0,f,0.044897086918354
久美子,131,131,0,f,0.00100000004749745
久夫,14,0,14,m,0.0356632508337498
久雄,21,0,21,m,0.00673490390181541
久留美,3,3,0,f,0.00951321329921484
弓子,10,10,0,f,1.82427712047684E-07
弓枝,2,2,0,f,0.044897086918354
亨,69,0,69,m,0.00100000004749745
享,16,0,16,m,0.0221511032432318
享子,7,7,0,f,1.91762446775101E-05
京,4,3,1,f,0.0320056080818176
京華,2,2,0,f,0.044897086918354
京子,71,71,0,f,0.00100000004749745
共子,3,3,0,f,0.00951321329921484
匡,14,0,14,m,0.0356632508337498
匡美,2,1,1,b,0.378881573677063
強,22,0,22,m,0.00530784949660301
恭,6,1,5,b,0.626161813735962
恭一,13,0,13,m,0.0452515780925751
恭佳,2,2,0,f,0.044897086918354
恭子,70,70,0,f,0.00100000004749745
恭代,3,3,0,f,0.00951321329921484
恭平,39,0,39,m,0.0020000000949949
教子,8,8,0,f,4.06324170398875E-06
郷子,3,3,0,f,0.00951321329921484
響,8,1,7,b,0.468950062990189
響子,2,2,0,f,0.044897086918354
暁,30,2,28,b,0.0540000014007092
暁子,22,22,0,f,1.49416918945102E-15
暁美,4,4,0,f,0.00201574829407036
玉枝,2,2,0,f,0.044897086918354
均,59,0,59,m,0.00100000004749745
欣也,15,0,15,m,0.0281065888702869
琴,2,2,0,f,0.044897086918354
琴音,2,2,0,f,0.044897086918354
琴海,2,2,0,f,0.044897086918354
琴江,2,2,0,f,0.044897086918354
琴乃,5,5,0,f,0.000427115563070402
琴美,3,3,0,f,0.00951321329921484
銀,2,1,1,b,0.378881573677063
空,5,3,2,b,0.0674585998058319
勲,58,0,58,m,0.00100000004749745
君子,4,4,0,f,0.00201574829407036
君枝,3,3,0,f,0.00951321329921484
君代,3,3,0,f,0.00951321329921484
薫,133,52,81,f,0.00100000004749745
薫子,4,4,0,f,0.00201574829407036
啓,44,0,44,m,0.00100000004749745
啓一,14,0,14,m,0.0356632508337498
啓介,57,0,57,m,0.00100000004749745
啓司,17,0,17,m,0.0174575205892324
啓史,13,0,13,m,0.0452515780925751
啓子,32,32,0,f,0.00100000004749745
啓太,43,0,43,m,0.00100000004749745
啓二,16,0,16,m,0.0221511032432318
啓之,19,0,19,m,0.0108431875705719
啓輔,14,0,14,m,0.0356632508337498
圭,50,3,47,m,0.00899999961256981
圭一,27,0,27,m,0.00800000037997961
圭介,49,0,49,m,0.00100000004749745
圭吾,23,0,23,m,0.00418317271396518
圭司,21,0,21,m,0.00673490390181541
圭子,39,39,0,f,0.00100000004749745
圭織,2,2,0,f,0.044897086918354
圭太,20,0,20,m,0.00854563154280186
圭美,4,4,0,f,0.00201574829407036
圭佑,14,0,14,m,0.0356632508337498
圭祐,31,0,31,m,0.00499999988824129
恵,106,90,16,f,0.00100000004749745
恵愛,2,2,0,f,0.044897086918354
恵一,26,0,26,m,0.00899999961256981
恵介,14,0,14,m,0.0356632508337498
恵子,126,126,0,f,0.00100000004749745
恵実,6,6,0,f,9.05012275325134E-05
恵実子,2,2,0,f,0.044897086918354
恵太,15,0,15,m,0.0281065888702869
恵津子,6,6,0,f,9.05012275325134E-05
恵美,66,66,0,f,0.00100000004749745
恵美子,55,55,0,f,0.00100000004749745
恵巳子,2,2,0,f,0.044897086918354
恵利,4,4,0,f,0.00201574829407036
恵利加,2,2,0,f,0.044897086918354
恵利香,2,2,0,f,0.044897086918354
恵利子,3,3,0,f,0.00951321329921484
恵利奈,2,2,0,f,0.044897086918354
恵梨歌,2,2,0,f,0.044897086918354
恵梨子,2,2,0,f,0.044897086918354
恵理,17,17,0,f,3.49827848980522E-12
恵理菜,2,2,0,f,0.044897086918354
恵理子,17,17,0,f,3.49827848980522E-12
恵里,11,11,0,f,3.86544840580427E-08
恵里香,4,4,0,f,0.00201574829407036
恵里子,5,5,0,f,0.000427115563070402
慶,25,0,25,m,0.00999999977648258
慶一,20,0,20,m,0.00854563154280186
慶子,24,24,0,f,0.00100000004749745
慶太,24,0,24,m,0.0120000001043081
慧,22,0,22,m,0.00530784949660301
敬,49,1,48,m,0.0020000000949949
敬介,18,0,18,m,0.0137584581971169
敬三,14,0,14,m,0.0356632508337498
敬子,39,39,0,f,0.00100000004749745
敬二,15,0,15,m,0.0281065888702869
景,3,1,2,b,0.510489940643311
景子,23,23,0,f,3.16598495780335E-16
桂,11,5,6,b,0.0627967044711113
桂子,33,33,0,f,0.00100000004749745
潔,44,0,44,m,0.00100000004749745
結,7,7,0,f,1.91762446775101E-05
結衣,7,7,0,f,1.91762446775101E-05
結佳,2,2,0,f,0.044897086918354
結花,5,5,0,f,0.000427115563070402
結希,2,2,0,f,0.044897086918354
結香,4,4,0,f,0.00201574829407036
結菜,8,8,0,f,4.06324170398875E-06
結子,3,3,0,f,0.00951321329921484
健,210,0,210,m,0.00100000004749745
健一,208,0,208,m,0.00100000004749745
健一郎,57,0,57,m,0.00100000004749745
健介,30,0,30,m,0.00499999988824129
健吾,26,0,26,m,0.00899999961256981
健作,15,0,15,m,0.0281065888702869
健司,89,0,89,m,0.00100000004749745
健史,34,0,34,m,0.00300000002607703
健志,31,0,31,m,0.00499999988824129
健児,14,0,14,m,0.0356632508337498
健次,40,0,40,m,0.0020000000949949
健治,74,0,74,m,0.00100000004749745
健人,36,0,36,m,0.00300000002607703
健太,139,0,139,m,0.00100000004749745
健太郎,133,0,133,m,0.00100000004749745
健二,142,0,142,m,0.00100000004749745
憲,14,0,14,m,0.0356632508337498
憲一,43,0,43,m,0.00100000004749745
憲司,36,0,36,m,0.00300000002607703
憲子,9,9,0,f,8.60957527493156E-07
憲治,23,0,23,m,0.00418317271396518
憲二,18,0,18,m,0.0137584581971169
憲彦,15,0,15,m,0.0281065888702869
憲明,13,0,13,m,0.0452515780925751
研一,14,0,14,m,0.0356632508337498
絹子,5,5,0,f,0.000427115563070402
絹代,5,5,0,f,0.000427115563070402
謙,14,0,14,m,0.0356632508337498
謙一,47,0,47,m,0.00100000004749745
謙太郎,14,0,14,m,0.0356632508337498
謙二,19,0,19,m,0.0108431875705719
賢,54,0,54,m,0.00100000004749745
賢一,92,0,92,m,0.00100000004749745
賢一郎,16,0,16,m,0.0221511032432318
賢吾,16,0,16,m,0.0221511032432318
賢司,35,0,35,m,0.00300000002607703
賢志,22,0,22,m,0.00530784949660301
賢治,81,0,81,m,0.00100000004749745
賢太郎,14,0,14,m,0.0356632508337498
賢二,58,0,58,m,0.00100000004749745
顕,16,0,16,m,0.0221511032432318
顕子,5,5,0,f,0.000427115563070402
元,52,0,52,m,0.00100000004749745
元気,16,0,16,m,0.0221511032432318
元子,5,5,0,f,0.000427115563070402
元美,5,5,0,f,0.000427115563070402
胡桃,4,4,0,f,0.00201574829407036
五月,11,8,3,f,0.000359216384822503
悟,104,0,104,m,0.00100000004749745
悟史,20,0,20,m,0.00854563154280186
護,15,0,15,m,0.0281065888702869
光,66,11,55,b,0.899999976158142
光一,37,0,37,m,0.00300000002607703
光希,11,1,10,b,0.288318574428558
光恵,2,2,0,f,0.044897086918354
光宏,13,0,13,m,0.0452515780925751
光弘,22,0,22,m,0.00530784949660301
光江,3,3,0,f,0.00951321329921484
光司,23,0,23,m,0.00418317271396518
光子,17,17,0,f,3.49827848980522E-12
光枝,4,4,0,f,0.00201574829407036
光世,5,2,3,b,0.287234365940094
光代,18,18,0,f,7.41247883385976E-13
光男,30,0,30,m,0.00499999988824129
光美,5,1,4,b,0.712765634059906
光彦,21,0,21,m,0.00673490390181541
光夫,21,0,21,m,0.00673490390181541
光穂,4,4,0,f,0.00201574829407036
光優,2,1,1,b,0.378881573677063
光雄,18,0,18,m,0.0137584581971169
公,7,1,6,b,0.544257760047913
公一,28,0,28,m,0.00700000021606684
公栄,2,1,1,b,0.378881573677063
公江,2,2,0,f,0.044897086918354
公子,19,19,0,f,1.57062514036244E-13
公代,4,4,0,f,0.00201574829407036
公美子,3,3,0,f,0.00951321329921484
功,79,0,79,m,0.00100000004749745
功一,19,0,19,m,0.0108431875705719
厚,26,0,26,m,0.00899999961256981
厚子,10,10,0,f,1.82427712047684E-07
厚志,20,0,20,m,0.00854563154280186
好,2,1,1,b,0.378881573677063
好永,2,2,0,f,0.044897086918354
好江,6,6,0,f,9.05012275325134E-05
好子,6,6,0,f,9.05012275325134E-05
好美,15,13,2,f,1.17608223604293E-07
孝,107,0,107,m,0.00100000004749745
孝一,47,0,47,m,0.00100000004749745
孝幸,37,0,37,m,0.00300000002607703
孝弘,15,0,15,m,0.0281065888702869
孝行,38,0,38,m,0.0020000000949949
孝司,26,0,26,m,0.00899999961256981
孝史,15,0,15,m,0.0281065888702869
孝子,22,22,0,f,1.49416918945102E-15
孝志,41,0,41,m,0.00100000004749745
孝枝,3,3,0,f,0.00951321329921484
孝治,23,0,23,m,0.00418317271396518
孝則,15,0,15,m,0.0281065888702869
孝典,17,0,17,m,0.0174575205892324
孝二,13,0,13,m,0.0452515780925751
孝之,45,0,45,m,0.00100000004749745
孝夫,18,0,18,m,0.0137584581971169
孝文,22,0,22,m,0.00530784949660301
孝明,22,0,22,m,0.00530784949660301
孝雄,22,0,22,m,0.00530784949660301
宏,116,0,116,m,0.00100000004749745
宏一,26,0,26,m,0.00899999961256981
宏佳,3,1,2,b,0.510489940643311
宏幸,37,0,37,m,0.00300000002607703
宏江,2,2,0,f,0.044897086918354
宏行,27,0,27,m,0.00800000037997961
宏司,16,0,16,m,0.0221511032432318
宏子,12,12,0,f,8.19047318856292E-09
宏治,13,0,13,m,0.0452515780925751
宏樹,46,0,46,m,0.00100000004749745
宏昭,18,0,18,m,0.0137584581971169
宏之,51,0,51,m,0.00100000004749745
宏美,25,24,1,f,0.00100000004749745
宏明,45,0,45,m,0.00100000004749745
宏和,24,0,24,m,0.0120000001043081
巧,49,0,49,m,0.00100000004749745
幸,13,10,3,f,2.74982103292132E-05
幸一,76,0,76,m,0.00100000004749745
幸一郎,13,0,13,m,0.0452515780925751
幸栄,2,2,0,f,0.044897086918354
幸佳,2,2,0,f,0.044897086918354
幸絵,3,3,0,f,0.00951321329921484
幸希,5,2,3,b,0.287234365940094
幸恵,33,33,0,f,0.00100000004749745
幸宏,15,0,15,m,0.0281065888702869
幸広,14,0,14,m,0.0356632508337498
幸弘,22,0,22,m,0.00530784949660301
幸江,12,12,0,f,8.19047318856292E-09
幸司,77,0,77,m,0.00100000004749745
幸子,116,116,0,f,0.00100000004749745
幸枝,19,19,0,f,1.57062514036244E-13
幸治,53,0,53,m,0.00100000004749745
幸世,2,2,0,f,0.044897086918354
幸生,22,0,22,m,0.00530784949660301
幸太郎,15,0,15,m,0.0281065888702869
幸代,27,27,0,f,0.00100000004749745
幸男,45,0,45,m,0.00100000004749745
幸奈,4,4,0,f,0.00201574829407036
幸二,24,0,24,m,0.0120000001043081
幸乃,3,3,0,f,0.00951321329921484
幸美,4,4,0,f,0.00201574829407036
幸夫,40,0,40,m,0.0020000000949949
幸平,16,0,16,m,0.0221511032432318
幸穂,3,3,0,f,0.00951321329921484
幸雄,50,0,50,m,0.00100000004749745
広,13,0,13,m,0.0452515780925751
広幸,19,0,19,m,0.0108431875705719
広行,16,0,16,m,0.0221511032432318
広子,10,10,0,f,1.82427712047684E-07
広志,24,0,24,m,0.0120000001043081
広樹,24,0,24,m,0.0120000001043081
広美,23,17,6,f,9.27696888197715E-08
広明,15,0,15,m,0.0281065888702869
康,35,0,35,m,0.00300000002607703
康一,17,0,17,m,0.0174575205892324
康介,19,0,19,m,0.0108431875705719
康宏,24,0,24,m,0.0120000001043081
康広,17,0,17,m,0.0174575205892324
康弘,78,0,78,m,0.00100000004749745
康浩,31,0,31,m,0.00499999988824129
康行,21,0,21,m,0.00673490390181541
康司,23,0,23,m,0.00418317271396518
康史,17,0,17,m,0.0174575205892324
康子,30,30,0,f,0.00100000004749745
康治,16,0,16,m,0.0221511032432318
康人,15,0,15,m,0.0281065888702869
康成,13,0,13,m,0.0452515780925751
康晴,19,0,19,m,0.0108431875705719
康生,17,0,17,m,0.0174575205892324
康太,15,0,15,m,0.0281065888702869
康代,9,9,0,f,8.60957527493156E-07
康二,28,0,28,m,0.00700000021606684
康之,50,0,50,m,0.00100000004749745
康博,40,0,40,m,0.0020000000949949
康彦,20,0,20,m,0.00854563154280186
康夫,37,0,37,m,0.00300000002607703
康文,14,0,14,m,0.0356632508337498
康平,46,0,46,m,0.00100000004749745
康裕,22,0,22,m,0.00530784949660301
康雄,31,0,31,m,0.00499999988824129
弘,66,0,66,m,0.00100000004749745
弘一,25,0,25,m,0.00999999977648258
弘恵,6,6,0,f,9.05012275325134E-05
弘幸,49,0,49,m,0.00100000004749745
弘行,23,0,23,m,0.00418317271396518
弘子,43,43,0,f,0.00100000004749745
弘志,21,0,21,m,0.00673490390181541
弘枝,6,6,0,f,9.05012275325134E-05
弘樹,57,0,57,m,0.00100000004749745
弘道,13,0,13,m,0.0452515780925751
弘之,38,0,38,m,0.0020000000949949
弘美,48,41,7,f,0.00100000004749745
弘明,31,0,31,m,0.00499999988824129
弘和,15,0,15,m,0.0281065888702869
恒,20,0,20,m,0.00854563154280186
晃,110,0,110,m,0.00100000004749745
晃一,35,0,35,m,0.00300000002607703
晃弘,15,0,15,m,0.0281065888702869
晃司,28,0,28,m,0.00700000021606684
晃子,18,18,0,f,7.41247883385976E-13
晃平,14,0,14,m,0.0356632508337498
江身子,2,2,0,f,0.044897086918354
江美,3,3,0,f,0.00951321329921484
江利子,2,2,0,f,0.044897086918354
江梨,3,3,0,f,0.00951321329921484
江梨子,2,2,0,f,0.044897086918354
江理子,2,2,0,f,0.044897086918354
江里,3,3,0,f,0.00951321329921484
江里佳,3,3,0,f,0.00951321329921484
江里子,6,6,0,f,9.05012275325134E-05
浩,186,0,186,m,0.00100000004749745
浩一,136,0,136,m,0.00100000004749745
浩一郎,18,0,18,m,0.0137584581971169
浩貴,13,0,13,m,0.0452515780925751
浩孝,16,0,16,m,0.0221511032432318
浩幸,27,0,27,m,0.00800000037997961
浩行,16,0,16,m,0.0221511032432318
浩司,123,0,123,m,0.00100000004749745
浩史,53,0,53,m,0.00100000004749745
浩子,40,40,0,f,0.00100000004749745
浩志,30,0,30,m,0.00499999988824129
浩治,13,0,13,m,0.0452515780925751
浩樹,24,0,24,m,0.0120000001043081
浩章,16,0,16,m,0.0221511032432318
浩太郎,13,0,13,m,0.0452515780925751
浩二,149,0,149,m,0.00100000004749745
浩之,97,0,97,m,0.00100000004749745
浩美,26,21,5,f,0.00100000004749745
浩平,41,0,41,m,0.00100000004749745
浩明,23,0,23,m,0.00418317271396518
紘子,4,4,0,f,0.00201574829407036
紘美,2,2,0,f,0.044897086918354
耕一,31,0,31,m,0.00499999988824129
耕司,21,0,21,m,0.00673490390181541
耕治,20,0,20,m,0.00854563154280186
耕太郎,13,0,13,m,0.0452515780925751
耕平,39,0,39,m,0.0020000000949949
航,41,0,41,m,0.00100000004749745
航平,24,0,24,m,0.0120000001043081
貢,27,0,27,m,0.00800000037997961
香,37,32,5,f,0.00100000004749745
香菜,4,4,0,f,0.00201574829407036
香菜子,3,3,0,f,0.00951321329921484
香子,7,7,0,f,1.91762446775101E-05
香織,83,83,0,f,0.00100000004749745
香澄,6,6,0,f,9.05012275325134E-05
香代,7,7,0,f,1.91762446775101E-05
香代子,11,11,0,f,3.86544840580427E-08
香奈,6,6,0,f,9.05012275325134E-05
香奈子,6,6,0,f,9.05012275325134E-05
香奈美,2,2,0,f,0.044897086918354
香苗,6,6,0,f,9.05012275325134E-05
香保里,2,2,0,f,0.044897086918354
香穂,3,3,0,f,0.00951321329921484
香穂里,2,2,0,f,0.044897086918354
香里,13,13,0,f,1.73547376469685E-09
高広,30,0,30,m,0.00499999988824129
高弘,14,0,14,m,0.0356632508337498
高志,44,0,44,m,0.00100000004749745
高代,2,1,1,b,0.378881573677063
剛,252,0,252,m,0.00100000004749745
剛司,21,0,21,m,0.00673490390181541
剛史,47,0,47,m,0.00100000004749745
剛士,19,0,19,m,0.0108431875705719
剛志,33,0,33,m,0.00400000018998981
豪,35,0,35,m,0.00300000002607703
克己,42,0,42,m,0.00100000004749745
克幸,18,0,18,m,0.0137584581971169
克哉,15,0,15,m,0.0281065888702869
克子,5,5,0,f,0.000427115563070402
克典,18,0,18,m,0.0137584581971169
克之,25,0,25,m,0.00999999977648258
克美,12,1,11,b,0.242664128541946
克彦,51,0,51,m,0.00100000004749745
克巳,19,0,19,m,0.0108431875705719
克明,14,0,14,m,0.0356632508337498
克也,30,0,30,m,0.00499999988824129
今日子,2,2,0,f,0.044897086918354
佐紀,3,3,0,f,0.00951321329921484
佐恵子,2,2,0,f,0.044897086918354
佐江子,2,2,0,f,0.044897086918354
佐織,5,5,0,f,0.000427115563070402
佐千子,2,2,0,f,0.044897086918354
佐代子,6,6,0,f,9.05012275325134E-05
佐知,2,2,0,f,0.044897086918354
佐知子,27,27,0,f,0.00100000004749745
佐智子,6,6,0,f,9.05012275325134E-05
佐和,3,3,0,f,0.00951321329921484
佐和子,19,19,0,f,1.57062514036244E-13
沙央里,2,2,0,f,0.044897086918354
沙季,2,2,0,f,0.044897086918354
沙紀,5,5,0,f,0.000427115563070402
沙貴,2,2,0,f,0.044897086918354
沙彩,3,3,0,f,0.00951321329921484
沙樹,2,2,0,f,0.044897086918354
沙織,23,23,0,f,3.16598495780335E-16
沙苗,2,2,0,f,0.044897086918354
沙也加,6,6,0,f,9.05012275325134E-05
沙也香,3,3,0,f,0.00951321329921484
沙弥香,4,4,0,f,0.00201574829407036
沙友里,2,2,0,f,0.044897086918354
砂織,2,2,0,f,0.044897086918354
彩,37,37,0,f,0.00100000004749745
彩音,3,3,0,f,0.00951321329921484
彩佳,4,4,0,f,0.00201574829407036
彩加,8,8,0,f,4.06324170398875E-06
彩夏,8,8,0,f,4.06324170398875E-06
彩歌,2,2,0,f,0.044897086918354
彩花,12,12,0,f,8.19047318856292E-09
彩華,3,3,0,f,0.00951321329921484
彩希,2,2,0,f,0.044897086918354
彩恵子,2,2,0,f,0.044897086918354
彩香,9,9,0,f,8.60957527493156E-07
彩子,15,15,0,f,7.79177139476062E-11
彩奈,2,2,0,f,0.044897086918354
彩乃,19,19,0,f,1.57062514036244E-13
彩也香,2,2,0,f,0.044897086918354
彩葉,4,4,0,f,0.00201574829407036
彩理,2,2,0,f,0.044897086918354
菜月,7,7,0,f,1.91762446775101E-05
菜々子,6,6,0,f,9.05012275325134E-05
菜々美,4,4,0,f,0.00201574829407036
菜緒,3,3,0,f,0.00951321329921484
菜生,2,2,0,f,0.044897086918354
菜津,2,2,0,f,0.044897086918354
菜津子,2,2,0,f,0.044897086918354
菜津美,2,2,0,f,0.044897086918354
菜摘,12,12,0,f,8.19047318856292E-09
菜美,5,5,0,f,0.000427115563070402
菜穂,6,6,0,f,9.05012275325134E-05
菜穂子,10,10,0,f,1.82427712047684E-07
冴子,2,2,0,f,0.044897086918354
咲,4,4,0,f,0.00201574829407036
咲希,8,8,0,f,4.06324170398875E-06
咲季,2,2,0,f,0.044897086918354
咲紀,2,2,0,f,0.044897086918354
咲貴,3,3,0,f,0.00951321329921484
咲輝,2,2,0,f,0.044897086918354
咲子,10,10,0,f,1.82427712047684E-07
咲弥,2,2,0,f,0.044897086918354
咲良,2,1,1,b,0.378881573677063
桜,6,6,0,f,9.05012275325134E-05
桜子,3,3,0,f,0.00951321329921484
三季,2,2,0,f,0.044897086918354
三紀,2,1,1,b,0.378881573677063
三紀子,3,3,0,f,0.00951321329921484
三貴子,2,2,0,f,0.044897086918354
三恵,2,2,0,f,0.044897086918354
三恵子,3,3,0,f,0.00951321329921484
三枝子,5,5,0,f,0.000427115563070402
三千代,9,9,0,f,8.60957527493156E-07
三知代,2,2,0,f,0.044897086918354
三智子,3,3,0,f,0.00951321329921484
三津子,3,3,0,f,0.00951321329921484
三奈,2,2,0,f,0.044897086918354
三奈子,4,4,0,f,0.00201574829407036
三郎,13,0,13,m,0.0452515780925751
三和,2,2,0,f,0.044897086918354
司,83,0,83,m,0.00100000004749745
史,8,3,5,b,0.229819104075432
史絵,2,2,0,f,0.044897086918354
史恵,3,3,0,f,0.00951321329921484
史江,3,3,0,f,0.00951321329921484
史子,13,13,0,f,1.73547376469685E-09
史織,4,4,0,f,0.00201574829407036
史奈,2,2,0,f,0.044897086918354
史歩,2,2,0,f,0.044897086918354
史穂,2,2,0,f,0.044897086918354
史明,18,0,18,m,0.0137584581971169
史朗,23,0,23,m,0.00418317271396518
史郎,14,0,14,m,0.0356632508337498
始,3,1,2,b,0.510489940643311
志,2,1,1,b,0.378881573677063
志織,7,7,0,f,1.91762446775101E-05
志津,2,2,0,f,0.044897086918354
志津子,3,3,0,f,0.00951321329921484
志乃,5,4,1,f,0.00837027933448553
志帆,6,6,0,f,9.05012275325134E-05
志保,25,25,0,f,0.00100000004749745
志歩,2,2,0,f,0.044897086918354
志穂,10,10,0,f,1.82427712047684E-07
志穂美,2,2,0,f,0.044897086918354
志野,4,4,0,f,0.00201574829407036
枝理子,2,2,0,f,0.044897086918354
枝里,4,4,0,f,0.00201574829407036
枝里子,3,3,0,f,0.00951321329921484
糸美,2,2,0,f,0.044897086918354
紫,2,2,0,f,0.044897086918354
紫乃,3,3,0,f,0.00951321329921484
詩織,8,8,0,f,4.06324170398875E-06
詩乃,3,3,0,f,0.00951321329921484
詩歩,4,4,0,f,0.00201574829407036
慈子,2,2,0,f,0.044897086918354
次郎,20,0,20,m,0.00854563154280186
滋,24,0,24,m,0.0120000001043081
治,46,0,46,m,0.00100000004749745
治子,7,7,0,f,1.91762446775101E-05
治美,11,9,2,f,3.10317736875732E-05
汐里,2,2,0,f,0.044897086918354
七海,8,8,0,f,4.06324170398875E-06
七恵,2,2,0,f,0.044897086918354
七菜子,2,2,0,f,0.044897086918354
七瀬,2,2,0,f,0.044897086918354
七星,2,1,1,b,0.378881573677063
七生,2,2,0,f,0.044897086918354
実,79,1,78,m,0.00100000004749745
実花,2,2,0,f,0.044897086918354
実希,2,2,0,f,0.044897086918354
実季,2,2,0,f,0.044897086918354
実幸,2,2,0,f,0.044897086918354
実香,2,2,0,f,0.044897086918354
実佐子,3,3,0,f,0.00951321329921484
実咲,3,3,0,f,0.00951321329921484
実奈子,2,2,0,f,0.044897086918354
実穂,5,5,0,f,0.000427115563070402
実夢,3,3,0,f,0.00951321329921484
紗央里,2,2,0,f,0.044897086918354
紗希,4,4,0,f,0.00201574829407036
紗季,3,3,0,f,0.00951321329921484
紗貴,2,2,0,f,0.044897086918354
紗香,2,2,0,f,0.044897086918354
紗彩,2,2,0,f,0.044897086918354
紗織,2,2,0,f,0.044897086918354
紗耶,3,3,0,f,0.00951321329921484
紗矢,2,2,0,f,0.044897086918354
若菜,7,7,0,f,1.91762446775101E-05
若子,2,2,0,f,0.044897086918354
若葉,2,2,0,f,0.044897086918354
守,71,0,71,m,0.00100000004749745
朱音,5,5,0,f,0.000427115563070402
朱見,2,2,0,f,0.044897086918354
朱香,3,3,0,f,0.00951321329921484
朱実,3,3,0,f,0.00951321329921484
朱美,21,21,0,f,7.05164923577983E-15
珠緒,3,3,0,f,0.00951321329921484
珠代,5,5,0,f,0.000427115563070402
珠美,10,10,0,f,1.82427712047684E-07
寿,25,0,25,m,0.00999999977648258
寿一,14,0,14,m,0.0356632508337498
寿恵,4,4,0,f,0.00201574829407036
寿子,7,7,0,f,1.91762446775101E-05
寿枝,2,2,0,f,0.044897086918354
寿代,2,2,0,f,0.044897086918354
寿美,13,11,2,f,1.95835355043528E-06
寿美香,2,2,0,f,0.044897086918354
寿美子,13,13,0,f,1.73547376469685E-09
寿美代,3,3,0,f,0.00951321329921484
樹,24,1,23,m,0.0430000014603138
樹美,2,1,1,b,0.378881573677063
樹里,2,2,0,f,0.044897086918354
周,17,0,17,m,0.0174575205892324
周作,17,0,17,m,0.0174575205892324
周子,8,8,0,f,4.06324170398875E-06
周平,28,0,28,m,0.00700000021606684
宗一郎,17,0,17,m,0.0174575205892324
修,192,0,192,m,0.00100000004749745
修一,88,0,88,m,0.00100000004749745
修三,14,0,14,m,0.0356632508337498
修司,29,0,29,m,0.00600000005215406
修子,5,5,0,f,0.000427115563070402
修二,33,0,33,m,0.00400000018998981
修平,50,0,50,m,0.00100000004749745
秀,19,1,18,b,0.0662333220243454
秀一,66,0,66,m,0.00100000004749745
秀紀,15,0,15,m,0.0281065888702869
秀幸,50,0,50,m,0.00100000004749745
秀行,25,0,25,m,0.00999999977648258
秀司,13,0,13,m,0.0452515780925751
秀子,18,18,0,f,7.41247883385976E-13
秀治,15,0,15,m,0.0281065888702869
秀実,5,3,2,b,0.0674585998058319
秀樹,162,0,162,m,0.00100000004749745
秀俊,16,0,16,m,0.0221511032432318
秀昭,32,0,32,m,0.00400000018998981
秀人,34,0,34,m,0.00300000002607703
秀則,14,0,14,m,0.0356632508337498
秀代,2,2,0,f,0.044897086918354
秀男,23,0,23,m,0.00418317271396518
秀典,24,0,24,m,0.0120000001043081
秀二,16,0,16,m,0.0221511032432318
秀之,28,0,28,m,0.00700000021606684
秀美,11,10,1,f,1.62015999194409E-06
秀彦,13,0,13,m,0.0452515780925751
秀夫,36,0,36,m,0.00300000002607703
秀文,22,0,22,m,0.00530784949660301
秀明,64,0,64,m,0.00100000004749745
秀雄,33,0,33,m,0.00400000018998981
秀和,47,0,47,m,0.00100000004749745
秋子,2,2,0,f,0.044897086918354
充,57,1,56,m,0.00100000004749745
充紀,2,1,1,b,0.378881573677063
充子,6,6,0,f,9.05012275325134E-05
充代,2,2,0,f,0.044897086918354
重子,3,3,0,f,0.00951321329921484
淑,3,1,2,b,0.510489940643311
淑江,6,6,0,f,9.05012275325134E-05
淑子,17,17,0,f,3.49827848980522E-12
淑美,2,2,0,f,0.044897086918354
俊,34,1,33,m,0.00999999977648258
俊一,51,0,51,m,0.00100000004749745
俊介,67,0,67,m,0.00100000004749745
俊恵,2,2,0,f,0.044897086918354
俊宏,14,0,14,m,0.0356632508337498
俊幸,26,0,26,m,0.00899999961256981
俊行,26,0,26,m,0.00899999961256981
俊哉,30,0,30,m,0.00499999988824129
俊子,10,10,0,f,1.82427712047684E-07
俊治,15,0,15,m,0.0281065888702869
俊樹,20,0,20,m,0.00854563154280186
俊二,27,0,27,m,0.00800000037997961
俊之,45,0,45,m,0.00100000004749745
俊博,17,0,17,m,0.0174575205892324
俊美,4,2,2,b,0.199324056506157
俊彦,57,0,57,m,0.00100000004749745
俊夫,20,0,20,m,0.00854563154280186
俊文,17,0,17,m,0.0174575205892324
俊輔,43,0,43,m,0.00100000004749745
俊明,46,0,46,m,0.00100000004749745
俊也,17,0,17,m,0.0174575205892324
俊雄,26,0,26,m,0.00899999961256981
俊郎,22,0,22,m,0.00530784949660301
俊和,15,0,15,m,0.0281065888702869
春佳,2,2,0,f,0.044897086918354
春江,3,3,0,f,0.00951321329921484
春香,10,10,0,f,1.82427712047684E-07
春菜,10,10,0,f,1.82427712047684E-07
春樹,18,0,18,m,0.0137584581971169
春代,2,2,0,f,0.044897086918354
春奈,5,5,0,f,0.000427115563070402
春乃,2,2,0,f,0.044897086918354
春美,12,11,1,f,3.7375860983957E-07
瞬,16,0,16,m,0.0221511032432318
駿,39,0,39,m,0.0020000000949949
旬,5,1,4,b,0.712765634059906
旬子,3,3,0,f,0.00951321329921484
淳,226,1,225,m,0.00100000004749745
淳一,106,0,106,m,0.00100000004749745
淳司,20,0,20,m,0.00854563154280186
淳史,17,0,17,m,0.0174575205892324
淳子,64,64,0,f,0.00100000004749745
淳二,20,0,20,m,0.00854563154280186
淳美,4,3,1,f,0.0320056080818176
淳也,23,0,23,m,0.00418317271396518
準子,3,3,0,f,0.00951321329921484
潤,93,1,92,m,0.00100000004749745
潤一,32,0,32,m,0.00400000018998981
潤子,13,13,0,f,1.73547376469685E-09
潤也,15,0,15,m,0.0281065888702869
純,98,5,93,m,0.00100000004749745
純一,85,0,85,m,0.00100000004749745
純恵,3,3,0,f,0.00951321329921484
純子,96,96,0,f,0.00100000004749745
純平,29,0,29,m,0.00600000005215406
純也,31,0,31,m,0.00499999988824129
順,23,1,22,m,0.0300507359206676
順一,48,0,48,m,0.00100000004749745
順子,71,71,0,f,0.00100000004749745
順平,13,0,13,m,0.0452515780925751
初江,5,5,0,f,0.000427115563070402
初子,3,3,0,f,0.00951321329921484
初枝,4,4,0,f,0.00201574829407036
初美,9,8,1,f,2.96815142064588E-05
渚,9,9,0,f,8.60957527493156E-07
勝,122,0,122,m,0.00100000004749745
勝久,23,0,23,m,0.00418317271396518
勝己,17,0,17,m,0.0174575205892324
勝弘,13,0,13,m,0.0452515780925751
勝江,2,2,0,f,0.044897086918354
勝子,4,4,0,f,0.00201574829407036
勝治,13,0,13,m,0.0452515780925751
勝則,19,0,19,m,0.0108431875705719
勝代,3,3,0,f,0.00951321329921484
勝之,20,0,20,m,0.00854563154280186
勝博,15,0,15,m,0.0281065888702869
勝美,21,2,19,b,0.146993979811668
勝彦,55,0,55,m,0.00100000004749745
勝也,57,0,57,m,0.00100000004749745
勝利,27,0,27,m,0.00800000037997961
匠,48,0,48,m,0.00100000004749745
将,32,0,32,m,0.00400000018998981
将司,17,0,17,m,0.0174575205892324
将史,17,0,17,m,0.0174575205892324
将人,23,0,23,m,0.00418317271396518
将太,17,0,17,m,0.0174575205892324
将之,15,0,15,m,0.0281065888702869
小枝,2,2,0,f,0.044897086918354
小雪,2,2,0,f,0.044897086918354
小百合,22,22,0,f,1.49416918945102E-15
小夜子,3,3,0,f,0.00951321329921484
尚,45,0,45,m,0.00100000004749745
尚希,4,1,3,b,0.614211916923523
尚宏,13,0,13,m,0.0452515780925751
尚江,2,2,0,f,0.044897086918354
尚史,19,0,19,m,0.0108431875705719
尚子,47,47,0,f,0.00100000004749745
尚志,21,0,21,m,0.00673490390181541
尚樹,27,0,27,m,0.00800000037997961
尚之,32,0,32,m,0.00400000018998981
尚美,27,27,0,f,0.00100000004749745
彰,72,0,72,m,0.00100000004749745
彰一,15,0,15,m,0.0281065888702869
彰子,12,12,0,f,8.19047318856292E-09
昇,82,0,82,m,0.00100000004749745
昌宏,48,0,48,m,0.00100000004749745
昌幸,16,0,16,m,0.0221511032432318
昌弘,45,0,45,m,0.00100000004749745
昌史,36,0,36,m,0.00300000002607703
昌子,35,35,0,f,0.00100000004749745
昌志,20,0,20,m,0.00854563154280186
昌樹,22,0,22,m,0.00530784949660301
昌代,13,12,1,f,8.56504627222421E-08
昌之,16,0,16,m,0.0221511032432318
昌美,10,9,1,f,6.96772576702642E-06
昌彦,33,0,33,m,0.00400000018998981
昌平,16,0,16,m,0.0221511032432318
昌也,19,0,19,m,0.0108431875705719
昭,28,0,28,m,0.00700000021606684
昭一,15,0,15,m,0.0281065888702869
昭江,2,2,0,f,0.044897086918354
昭子,13,13,0,f,1.73547376469685E-09
昭人,15,0,15,m,0.0281065888702869
昭代,2,2,0,f,0.044897086918354
昭美,2,2,0,f,0.044897086918354
昭彦,49,0,49,m,0.00100000004749745
昭夫,23,0,23,m,0.00418317271396518
晶,19,8,11,f,0.0322288163006306
晶江,3,3,0,f,0.00951321329921484
晶子,34,34,0,f,0.00100000004749745
梢,9,9,0,f,8.60957527493156E-07
渉,69,0,69,m,0.00100000004749745
照子,6,6,0,f,9.05012275325134E-05
照代,4,4,0,f,0.00201574829407036
照美,10,10,0,f,1.82427712047684E-07
省吾,21,0,21,m,0.00673490390181541
祥恵,4,4,0,f,0.00201574829407036
祥子,40,40,0,f,0.00100000004749745
祥代,3,3,0,f,0.00951321329921484
祥平,19,0,19,m,0.0108431875705719
章,71,1,70,m,0.00100000004749745
章子,19,19,0,f,1.57062514036244E-13
笑子,2,2,0,f,0.044897086918354
常子,2,2,0,f,0.044897086918354
穣,17,0,17,m,0.0174575205892324
譲,22,0,22,m,0.00530784949660301
伸,30,0,30,m,0.00499999988824129
伸一,77,0,77,m,0.00100000004749745
伸一郎,17,0,17,m,0.0174575205892324
伸介,22,0,22,m,0.00530784949660301
伸幸,21,0,21,m,0.00673490390181541
伸江,4,4,0,f,0.00201574829407036
伸行,18,0,18,m,0.0137584581971169
伸哉,13,0,13,m,0.0452515780925751
伸子,18,18,0,f,7.41247883385976E-13
伸枝,2,2,0,f,0.044897086918354
伸治,23,0,23,m,0.00418317271396518
伸二,31,0,31,m,0.00499999988824129
伸之,18,0,18,m,0.0137584581971169
伸彦,17,0,17,m,0.0174575205892324
伸夫,19,0,19,m,0.0108431875705719
伸也,36,0,36,m,0.00300000002607703
信,27,0,27,m,0.00800000037997961
信一,48,0,48,m,0.00100000004749745
信一郎,15,0,15,m,0.0281065888702869
信介,21,0,21,m,0.00673490390181541
信吾,19,0,19,m,0.0108431875705719
信幸,24,0,24,m,0.0120000001043081
信江,4,4,0,f,0.00201574829407036
信行,54,0,54,m,0.00100000004749745
信子,22,22,0,f,1.49416918945102E-15
信治,21,0,21,m,0.00673490390181541
信太郎,13,0,13,m,0.0452515780925751
信二,23,0,23,m,0.00418317271396518
信之,35,0,35,m,0.00300000002607703
信博,14,0,14,m,0.0356632508337498
信彦,23,0,23,m,0.00418317271396518
信夫,17,0,17,m,0.0174575205892324
信明,20,0,20,m,0.00854563154280186
信也,36,0,36,m,0.00300000002607703
心,7,1,6,b,0.544257760047913
心奏,2,2,0,f,0.044897086918354
心美,2,2,0,f,0.044897086918354
心優,3,3,0,f,0.00951321329921484
慎,35,0,35,m,0.00300000002607703
慎一,79,0,79,m,0.00100000004749745
慎一郎,32,0,32,m,0.00400000018998981
慎介,13,0,13,m,0.0452515780925751
慎吾,29,0,29,m,0.00600000005215406
慎司,21,0,21,m,0.00673490390181541
慎子,4,4,0,f,0.00201574829407036
慎治,20,0,20,m,0.00854563154280186
慎太郎,41,0,41,m,0.00100000004749745
慎二,22,0,22,m,0.00530784949660301
慎也,43,0,43,m,0.00100000004749745
新,24,0,24,m,0.0120000001043081
新子,2,2,0,f,0.044897086918354
晋,39,0,39,m,0.0020000000949949
晋一,28,0,28,m,0.00700000021606684
晋也,23,0,23,m,0.00418317271396518
深雪,5,5,0,f,0.000427115563070402
真,85,0,85,m,0.00100000004749745
真綾,3,3,0,f,0.00951321329921484
真依,3,3,0,f,0.00951321329921484
真依子,3,3,0,f,0.00951321329921484
真衣,11,11,0,f,3.86544840580427E-08
真一,131,0,131,m,0.00100000004749745
真一郎,34,0,34,m,0.00300000002607703
真央,10,7,3,f,0.00124697247520089
真喜,3,2,1,b,0.115664832293987
真喜子,3,3,0,f,0.00951321329921484
真希,17,15,2,f,6.80656997431583E-09
真希子,7,7,0,f,1.91762446775101E-05
真季子,2,2,0,f,0.044897086918354
真紀,40,38,2,f,0.00100000004749745
真紀子,22,22,0,f,1.49416918945102E-15
真貴子,5,5,0,f,0.000427115563070402
真起子,2,2,0,f,0.044897086918354
真弓,59,59,0,f,0.00100000004749745
真弓美,2,2,0,f,0.044897086918354
真琴,11,8,3,f,0.000359216384822503
真己,3,1,2,b,0.510489940643311
真吾,58,0,58,m,0.00100000004749745
真悟,14,0,14,m,0.0356632508337498
真宏,3,1,2,b,0.510489940643311
真弘,13,0,13,m,0.0452515780925751
真佐子,4,4,0,f,0.00201574829407036
真佐美,2,2,0,f,0.044897086918354
真菜,3,3,0,f,0.00951321329921484
真司,49,0,49,m,0.00100000004749745
真史,14,0,14,m,0.0356632508337498
真子,10,10,0,f,1.82427712047684E-07
真志,11,1,10,b,0.288318574428558
真治,28,0,28,m,0.00700000021606684
真実,19,18,1,f,1.12565842064205E-11
真実子,2,2,0,f,0.044897086918354
真寿美,3,3,0,f,0.00951321329921484
真樹,25,3,22,b,0.899999976158142
真樹子,7,7,0,f,1.91762446775101E-05
真純,3,2,1,b,0.115664832293987
真緒,3,3,0,f,0.00951321329921484
真人,56,0,56,m,0.00100000004749745
真澄,29,22,7,f,0.00100000004749745
真生,7,1,6,b,0.544257760047913
真千子,2,2,0,f,0.044897086918354
真太郎,15,0,15,m,0.0281065888702869
真代,6,6,0,f,9.05012275325134E-05
真知子,13,13,0,f,1.73547376469685E-09
真智子,8,8,0,f,4.06324170398875E-06
真奈,10,10,0,f,1.82427712047684E-07
真奈美,22,22,0,f,1.49416918945102E-15
真二,38,0,38,m,0.0020000000949949
真之,14,0,14,m,0.0356632508337498
真帆,14,14,0,f,3.67728375527676E-10
真美,28,28,0,f,0.00100000004749745
真美子,3,3,0,f,0.00951321329921484
真穂,2,2,0,f,0.044897086918354
真未,7,7,0,f,1.91762446775101E-05
真木,2,1,1,b,0.378881573677063
真也,76,0,76,m,0.00100000004749745
真弥,4,1,3,b,0.614211916923523
真矢,4,1,3,b,0.614211916923523
真唯,2,2,0,f,0.044897086918354
真優,3,3,0,f,0.00951321329921484
真優美,2,2,0,f,0.044897086918354
真悠,2,2,0,f,0.044897086918354
真有美,2,2,0,f,0.044897086918354
真由,11,11,0,f,3.86544840580427E-08
真由香,2,2,0,f,0.044897086918354
真由子,10,10,0,f,1.82427712047684E-07
真由美,101,101,0,f,0.00100000004749745
真夕子,2,2,0,f,0.044897086918354
真利子,2,2,0,f,0.044897086918354
真梨,3,3,0,f,0.00951321329921484
真梨子,7,7,0,f,1.91762446775101E-05
真理,40,35,5,f,0.00100000004749745
真理恵,3,3,0,f,0.00951321329921484
真理子,61,61,0,f,0.00100000004749745
真里,21,21,0,f,7.05164923577983E-15
真里江,2,2,0,f,0.044897086918354
真里奈,3,3,0,f,0.00951321329921484
親,5,1,4,b,0.712765634059906
進,103,0,103,m,0.00100000004749745
人美,2,1,1,b,0.378881573677063
仁,127,0,127,m,0.00100000004749745
仁栄,2,1,1,b,0.378881573677063
仁絵,2,2,0,f,0.044897086918354
仁子,4,4,0,f,0.00201574829407036
仁志,35,0,35,m,0.00300000002607703
仁実,2,2,0,f,0.044897086918354
仁美,51,51,0,f,0.00100000004749745
翠,7,7,0,f,1.91762446775101E-05
瑞,3,2,1,b,0.115664832293987
瑞絵,2,2,0,f,0.044897086918354
瑞希,16,13,3,f,5.04145248214627E-07
瑞季,5,5,0,f,0.000427115563070402
瑞稀,3,2,1,b,0.115664832293987
瑞紀,8,5,3,f,0.0134072359651327
瑞貴,7,1,6,b,0.544257760047913
瑞恵,7,7,0,f,1.91762446775101E-05
瑞生,5,2,3,b,0.287234365940094
瑞姫,2,2,0,f,0.044897086918354
瑞穂,20,17,3,f,2.04216998866968E-09
崇,113,0,113,m,0.00100000004749745
崇史,26,0,26,m,0.00899999961256981
崇之,16,0,16,m,0.0221511032432318
澄恵,2,2,0,f,0.044897086918354
澄江,5,5,0,f,0.000427115563070402
澄香,3,3,0,f,0.00951321329921484
澄子,8,8,0,f,4.06324170398875E-06
世津子,2,2,0,f,0.044897086918354
世里奈,2,2,0,f,0.044897086918354
成央,3,1,2,b,0.510489940643311
成香,3,3,0,f,0.00951321329921484
成子,4,4,0,f,0.00201574829407036
成美,15,12,3,f,1.94184826796118E-06
政幸,17,0,17,m,0.0174575205892324
政江,2,2,0,f,0.044897086918354
政子,5,5,0,f,0.000427115563070402
政人,18,0,18,m,0.0137584581971169
政則,17,0,17,m,0.0174575205892324
政代,2,2,0,f,0.044897086918354
政美,8,2,6,b,0.531049966812134
政彦,24,0,24,m,0.0120000001043081
政明,15,0,15,m,0.0281065888702869
星子,2,2,0,f,0.044897086918354
晴佳,2,2,0,f,0.044897086918354
晴絵,3,3,0,f,0.00951321329921484
晴香,7,7,0,f,1.91762446775101E-05
晴菜,6,6,0,f,9.05012275325134E-05
晴子,15,15,0,f,7.79177139476062E-11
晴奈,3,3,0,f,0.00951321329921484
晴美,29,29,0,f,0.00100000004749745
晴彦,16,0,16,m,0.0221511032432318
正,101,0,101,m,0.00100000004749745
正一,36,0,36,m,0.00300000002607703
正紀,15,0,15,m,0.0281065888702869
正義,33,0,33,m,0.00400000018998981
正恵,6,6,0,f,9.05012275325134E-05
正憲,20,0,20,m,0.00854563154280186
正己,16,0,16,m,0.0221511032432318
正宏,14,0,14,m,0.0356632508337498
正幸,68,0,68,m,0.00100000004749745
正広,16,0,16,m,0.0221511032432318
正弘,29,0,29,m,0.00600000005215406
正江,3,3,0,f,0.00951321329921484
正浩,30,0,30,m,0.00499999988824129
正行,50,0,50,m,0.00100000004749745
正剛,14,0,14,m,0.0356632508337498
正司,14,0,14,m,0.0356632508337498
正史,23,0,23,m,0.00418317271396518
正子,19,19,0,f,1.57062514036244E-13
正志,30,0,30,m,0.00499999988824129
正枝,2,2,0,f,0.044897086918354
正治,29,0,29,m,0.00600000005215406
正樹,107,0,107,m,0.00100000004749745
正俊,18,0,18,m,0.0137584581971169
正純,14,0,14,m,0.0356632508337498
正勝,13,0,13,m,0.0452515780925751
正昭,14,0,14,m,0.0356632508337498
正信,18,0,18,m,0.0137584581971169
正人,115,0,115,m,0.00100000004749745
正晴,17,0,17,m,0.0174575205892324
正則,26,0,26,m,0.00899999961256981
正典,24,0,24,m,0.0120000001043081
正道,18,0,18,m,0.0137584581971169
正二,18,0,18,m,0.0137584581971169
正之,36,0,36,m,0.00300000002607703
正博,52,0,52,m,0.00100000004749745
正美,35,13,22,f,0.0209999997168779
正彦,41,0,41,m,0.00100000004749745
正敏,21,0,21,m,0.00673490390181541
正夫,24,0,24,m,0.0120000001043081
正文,18,0,18,m,0.0137584581971169
正巳,22,0,22,m,0.00530784949660301
正明,81,0,81,m,0.00100000004749745
正也,16,0,16,m,0.0221511032432318
正裕,17,0,17,m,0.0174575205892324
正雄,20,0,20,m,0.00854563154280186
正和,73,0,73,m,0.00100000004749745
清,60,0,60,m,0.00100000004749745
清一,25,0,25,m,0.00999999977648258
清貴,14,0,14,m,0.0356632508337498
清恵,3,3,0,f,0.00951321329921484
清江,2,2,0,f,0.044897086918354
清香,6,6,0,f,9.05012275325134E-05
清子,16,16,0,f,1.65099323101714E-11
清志,31,0,31,m,0.00499999988824129
清実,5,2,3,b,0.287234365940094
清人,16,0,16,m,0.0221511032432318
清美,54,43,11,f,0.00100000004749745
清隆,26,0,26,m,0.00899999961256981
生,4,1,3,b,0.614211916923523
聖,49,2,47,m,0.00400000018998981
聖華,2,2,0,f,0.044897086918354
聖子,34,34,0,f,0.00100000004749745
聖奈,3,3,0,f,0.00951321329921484
聖美,2,2,0,f,0.044897086918354
聖也,13,0,13,m,0.0452515780925751
誠,386,0,386,m,0.00100000004749745
誠一,51,0,51,m,0.00100000004749745
誠一郎,25,0,25,m,0.00999999977648258
誠司,48,0,48,m,0.00100000004749745
誠子,5,5,0,f,0.000427115563070402
誠治,24,0,24,m,0.0120000001043081
誠二,41,0,41,m,0.00100000004749745
誠也,22,0,22,m,0.00530784949660301
誓子,2,2,0,f,0.044897086918354
静,5,5,0,f,0.000427115563070402
静恵,2,2,0,f,0.044897086918354
静江,3,3,0,f,0.00951321329921484
静香,13,13,0,f,1.73547376469685E-09
静子,7,7,0,f,1.91762446775101E-05
静代,2,2,0,f,0.044897086918354
斉,19,0,19,m,0.0108431875705719
摂子,2,2,0,f,0.044897086918354
節子,27,27,0,f,0.00100000004749745
雪絵,2,2,0,f,0.044897086918354
雪江,3,3,0,f,0.00951321329921484
雪乃,2,2,0,f,0.044897086918354
千亜紀,2,2,0,f,0.044897086918354
千温,2,2,0,f,0.044897086918354
千佳,11,11,0,f,3.86544840580427E-08
千佳子,10,10,0,f,1.82427712047684E-07
千加子,3,3,0,f,0.00951321329921484
千夏,16,16,0,f,1.65099323101714E-11
千花,2,2,0,f,0.044897086918354
千華,3,3,0,f,0.00951321329921484
千賀,3,3,0,f,0.00951321329921484
千賀子,10,10,0,f,1.82427712047684E-07
千雅,2,2,0,f,0.044897086918354
千雅子,3,3,0,f,0.00951321329921484
千絵,8,8,0,f,4.06324170398875E-06
千恵,36,36,0,f,0.00100000004749745
千恵子,24,24,0,f,0.00100000004749745
千恵美,6,6,0,f,9.05012275325134E-05
千恵里,2,2,0,f,0.044897086918354
千景,7,7,0,f,1.91762446775101E-05
千湖,2,2,0,f,0.044897086918354
千弘,3,1,2,b,0.510489940643311
千晃,4,3,1,f,0.0320056080818176
千紘,7,5,2,f,0.00608952762559056
千香,2,2,0,f,0.044897086918354
千香子,3,3,0,f,0.00951321329921484
千沙,2,2,0,f,0.044897086918354
千史,2,1,1,b,0.378881573677063
千枝,7,7,0,f,1.91762446775101E-05
千枝子,2,2,0,f,0.044897086918354
千寿,2,2,0,f,0.044897086918354
千寿子,2,2,0,f,0.044897086918354
千秋,24,18,6,f,0.00100000004749745
千春,31,24,7,f,0.00100000004749745
千昭,2,1,1,b,0.378881573677063
千晶,16,16,0,f,1.65099323101714E-11
千尋,48,32,16,f,0.00100000004749745
千晴,18,14,4,f,4.66850394786889E-07
千草,8,8,0,f,4.06324170398875E-06
千代,11,11,0,f,3.86544840580427E-08
千代子,12,12,0,f,8.19047318856292E-09
千代美,9,9,0,f,8.60957527493156E-07
千智,3,2,1,b,0.115664832293987
千津,2,2,0,f,0.044897086918354
千津子,3,3,0,f,0.00951321329921484
千鶴,21,21,0,f,7.05164923577983E-15
千鶴子,9,9,0,f,8.60957527493156E-07
千登世,2,2,0,f,0.044897086918354
千奈美,2,2,0,f,0.044897086918354
千波,4,4,0,f,0.00201574829407036
千博,2,1,1,b,0.378881573677063
千帆,3,3,0,f,0.00951321329921484
千歩,2,2,0,f,0.044897086918354
千穂,19,19,0,f,1.57062514036244E-13
千穂子,2,2,0,f,0.044897086918354
千明,15,11,4,f,2.22973303607432E-05
千裕,11,7,4,f,0.00280054565519094
千理,2,1,1,b,0.378881573677063
千里,20,17,3,f,2.04216998866968E-09
宣子,7,7,0,f,1.91762446775101E-05
泉,38,18,20,f,0.00100000004749745
善子,2,2,0,f,0.044897086918354
善美,2,1,1,b,0.378881573677063
善彦,19,0,19,m,0.0108431875705719
素子,16,16,0,f,1.65099323101714E-11
創,15,0,15,m,0.0281065888702869
奏,7,5,2,f,0.00608952762559056
奏愛,2,2,0,f,0.044897086918354
奏子,6,6,0,f,9.05012275325134E-05
想,2,1,1,b,0.378881573677063
操,22,8,14,b,0.0750878602266312
早希,7,7,0,f,1.91762446775101E-05
早紀,21,21,0,f,7.05164923577983E-15
早織,7,7,0,f,1.91762446775101E-05
早代,2,2,0,f,0.044897086918354
早知子,2,2,0,f,0.044897086918354
早百合,2,2,0,f,0.044897086918354
早苗,45,44,1,f,0.00100000004749745
総子,2,2,0,f,0.044897086918354
聡,217,0,217,m,0.00100000004749745
聡恵,2,2,0,f,0.044897086918354
聡史,16,0,16,m,0.0221511032432318
聡子,43,43,0,f,0.00100000004749745
聡志,17,0,17,m,0.0174575205892324
聡美,20,20,0,f,3.32798702875128E-14
蒼,5,1,4,b,0.712765634059906
蒼空,4,1,3,b,0.614211916923523
則子,14,14,0,f,3.67728375527676E-10
多佳子,2,2,0,f,0.044897086918354
多賀子,5,5,0,f,0.000427115563070402
多恵,2,2,0,f,0.044897086918354
多恵子,5,5,0,f,0.000427115563070402
多香子,2,2,0,f,0.044897086918354
多津子,2,2,0,f,0.044897086918354
多美子,5,5,0,f,0.000427115563070402
太,36,0,36,m,0.00300000002607703
太一,57,0,57,m,0.00100000004749745
太志,15,0,15,m,0.0281065888702869
太郎,57,0,57,m,0.00100000004749745
泰,27,0,27,m,0.00800000037997961
泰久,19,0,19,m,0.0108431875705719
泰弘,42,0,42,m,0.00100000004749745
泰行,16,0,16,m,0.0221511032432318
泰三,18,0,18,m,0.0137584581971169
泰史,13,0,13,m,0.0452515780925751
泰子,20,20,0,f,3.32798702875128E-14
泰志,16,0,16,m,0.0221511032432318
泰治,14,0,14,m,0.0356632508337498
泰生,13,0,13,m,0.0452515780925751
泰代,3,3,0,f,0.00951321329921484
泰典,15,0,15,m,0.0281065888702869
泰之,26,0,26,m,0.00899999961256981
泰彦,20,0,20,m,0.00854563154280186
泰明,14,0,14,m,0.0356632508337498
大,65,0,65,m,0.00100000004749745
大介,134,0,134,m,0.00100000004749745
大貴,38,0,38,m,0.0020000000949949
大輝,39,0,39,m,0.0020000000949949
大吾,14,0,14,m,0.0356632508337498
大作,28,0,28,m,0.00700000021606684
大志,19,0,19,m,0.0108431875705719
大樹,82,0,82,m,0.00100000004749745
大助,14,0,14,m,0.0356632508337498
大地,60,0,60,m,0.00100000004749745
大智,21,0,21,m,0.00673490390181541
大輔,287,1,286,m,0.00100000004749745
大祐,41,0,41,m,0.00100000004749745
大路,2,1,1,b,0.378881573677063
大和,26,0,26,m,0.00899999961256981
大翔,17,0,17,m,0.0174575205892324
卓,64,0,64,m,0.00100000004749745
卓哉,22,0,22,m,0.00530784949660301
卓也,99,0,99,m,0.00100000004749745
拓,35,0,35,m,0.00300000002607703
拓海,21,0,21,m,0.00673490390181541
拓哉,29,0,29,m,0.00600000005215406
拓実,22,0,22,m,0.00530784949660301
拓真,23,0,23,m,0.00418317271396518
拓人,14,0,14,m,0.0356632508337498
拓馬,13,0,13,m,0.0452515780925751
拓美,4,1,3,b,0.614211916923523
拓磨,22,0,22,m,0.00530784949660301
拓也,142,0,142,m,0.00100000004749745
拓弥,17,0,17,m,0.0174575205892324
拓郎,38,0,38,m,0.0020000000949949
琢磨,20,0,20,m,0.00854563154280186
琢也,22,0,22,m,0.00530784949660301
達,17,0,17,m,0.0174575205892324
達哉,32,0,32,m,0.00400000018998981
達美,2,1,1,b,0.378881573677063
達彦,21,0,21,m,0.00673490390181541
達夫,15,0,15,m,0.0281065888702869
達也,231,0,231,m,0.00100000004749745
達矢,14,0,14,m,0.0356632508337498
達雄,20,0,20,m,0.00854563154280186
達郎,23,0,23,m,0.00418317271396518
辰也,14,0,14,m,0.0356632508337498
丹,2,1,1,b,0.378881573677063
知永子,2,2,0,f,0.044897086918354
知英,2,1,1,b,0.378881573677063
知央,4,1,3,b,0.614211916923523
知佳,11,11,0,f,3.86544840580427E-08
知佳子,3,3,0,f,0.00951321329921484
知加子,4,4,0,f,0.00201574829407036
知恵,5,5,0,f,0.000427115563070402
知恵子,2,2,0,f,0.044897086918354
知恵美,2,2,0,f,0.044897086918354
知見,2,2,0,f,0.044897086918354
知己,7,1,6,b,0.544257760047913
知佐,4,4,0,f,0.00201574829407036
知佐子,3,3,0,f,0.00951321329921484
知左子,2,2,0,f,0.044897086918354
知史,14,0,14,m,0.0356632508337498
知子,62,62,0,f,0.00100000004749745
知樹,13,0,13,m,0.0452515780925751
知世,9,9,0,f,8.60957527493156E-07
知代,9,9,0,f,8.60957527493156E-07
知奈美,2,2,0,f,0.044897086918354
知之,17,0,17,m,0.0174575205892324
知美,16,16,0,f,1.65099323101714E-11
知穂,2,2,0,f,0.044897086918354
知明,16,0,16,m,0.0221511032432318
知也,19,0,19,m,0.0108431875705719
知里,5,5,0,f,0.000427115563070402
智,110,1,109,m,0.00100000004749745
智佳,2,1,1,b,0.378881573677063
智絵,5,5,0,f,0.000427115563070402
智久,24,0,24,m,0.0120000001043081
智啓,3,1,2,b,0.510489940643311
智恵,17,17,0,f,3.49827848980522E-12
智恵子,17,17,0,f,3.49827848980522E-12
智恵美,3,3,0,f,0.00951321329921484
智宏,31,0,31,m,0.00499999988824129
智幸,23,0,23,m,0.00418317271396518
智弘,33,0,33,m,0.00400000018998981
智江,3,3,0,f,0.00951321329921484
智浩,16,0,16,m,0.0221511032432318
智行,22,0,22,m,0.00530784949660301
智香,9,9,0,f,8.60957527493156E-07
智香子,6,6,0,f,9.05012275325134E-05
智哉,22,0,22,m,0.00530784949660301
智史,34,0,34,m,0.00300000002607703
智子,175,175,0,f,0.00100000004749745
智枝子,3,3,0,f,0.00951321329921484
智樹,16,0,16,m,0.0221511032432318
智春,2,2,0,f,0.044897086918354
智昭,19,0,19,m,0.0108431875705719
智晶,2,1,1,b,0.378881573677063
智章,16,1,15,b,0.11743888258934
智仁,18,0,18,m,0.0137584581971169
智尋,4,1,3,b,0.614211916923523
智生,3,1,2,b,0.510489940643311
智代,8,8,0,f,4.06324170398875E-06
智大,18,0,18,m,0.0137584581971169
智津子,4,4,0,f,0.00201574829407036
智之,85,0,85,m,0.00100000004749745
智博,23,0,23,m,0.00418317271396518
智美,51,50,1,f,0.00100000004749745
智彦,36,0,36,m,0.00300000002607703
智保,2,2,0,f,0.044897086918354
智明,20,0,20,m,0.00854563154280186
智也,44,0,44,m,0.00100000004749745
智裕,18,0,18,m,0.0137584581971169
智洋,16,0,16,m,0.0221511032432318
智里,2,2,0,f,0.044897086918354
稚菜,2,2,0,f,0.044897086918354
稚子,2,2,0,f,0.044897086918354
宙,8,1,7,b,0.468950062990189
忠,51,0,51,m,0.00100000004749745
忠司,16,0,16,m,0.0221511032432318
忠彦,15,0,15,m,0.0281065888702869
忠雄,16,0,16,m,0.0221511032432318
暢子,7,7,0,f,1.91762446775101E-05
朝子,13,13,0,f,1.73547376469685E-09
朝美,7,6,1,f,0.000518451153766364
潮,3,2,1,b,0.115664832293987
町子,2,2,0,f,0.044897086918354
直,54,2,52,m,0.00300000002607703
直央,3,1,2,b,0.510489940643311
直紀,28,0,28,m,0.00700000021606684
直輝,20,0,20,m,0.00854563154280186
直江,4,4,0,f,0.00201574829407036
直行,20,0,20,m,0.00854563154280186
直哉,55,0,55,m,0.00100000004749745
直史,15,0,15,m,0.0281065888702869
直子,131,131,0,f,0.00100000004749745
直枝,2,2,0,f,0.044897086918354
直樹,254,0,254,m,0.00100000004749745
直人,136,0,136,m,0.00100000004749745
直之,30,0,30,m,0.00499999988824129
直美,93,93,0,f,0.00100000004749745
直彦,15,0,15,m,0.0281065888702869
直巳,6,1,5,b,0.626161813735962
直也,72,0,72,m,0.00100000004749745
通子,5,5,0,f,0.000427115563070402
貞子,2,2,0,f,0.044897086918354
貞美,3,2,1,b,0.115664832293987
禎子,3,3,0,f,0.00951321329921484
哲,79,0,79,m,0.00100000004749745
哲哉,30,0,30,m,0.00499999988824129
哲司,18,0,18,m,0.0137584581971169
哲史,20,0,20,m,0.00854563154280186
哲子,4,4,0,f,0.00201574829407036
哲治,18,0,18,m,0.0137584581971169
哲生,26,0,26,m,0.00899999961256981
哲夫,40,0,40,m,0.0020000000949949
哲平,28,0,28,m,0.00700000021606684
哲也,248,0,248,m,0.00100000004749745
哲雄,17,0,17,m,0.0174575205892324
哲郎,50,0,50,m,0.00100000004749745
徹,250,0,250,m,0.00100000004749745
徹也,41,0,41,m,0.00100000004749745
鉄也,21,0,21,m,0.00673490390181541
典恵,2,2,0,f,0.044897086918354
典子,94,94,0,f,0.00100000004749745
展,2,1,1,b,0.378881573677063
展江,2,2,0,f,0.044897086918354
展子,3,3,0,f,0.00951321329921484
登,34,0,34,m,0.00300000002607703
登紀子,2,2,0,f,0.044897086918354
登志子,3,3,0,f,0.00951321329921484
登美子,4,4,0,f,0.00201574829407036
都,8,8,0,f,4.06324170398875E-06
都子,2,2,0,f,0.044897086918354
努,54,0,54,m,0.00100000004749745
桃佳,3,3,0,f,0.00951321329921484
桃香,3,3,0,f,0.00951321329921484
桃子,15,15,0,f,7.79177139476062E-11
桃代,3,3,0,f,0.00951321329921484
等,29,0,29,m,0.00600000005215406
藤子,2,2,0,f,0.044897086918354
透,51,0,51,m,0.00100000004749745
瞳,32,32,0,f,0.00100000004749745
瞳子,2,2,0,f,0.044897086918354
道,6,1,5,b,0.626161813735962
道子,14,14,0,f,3.67728375527676E-10
道代,9,9,0,f,8.60957527493156E-07
徳,3,1,2,b,0.510489940643311
徳子,6,6,0,f,9.05012275325134E-05
徳美,3,2,1,b,0.115664832293987
篤,71,0,71,m,0.00100000004749745
篤司,15,0,15,m,0.0281065888702869
篤史,58,0,58,m,0.00100000004749745
篤子,4,4,0,f,0.00201574829407036
篤志,27,0,27,m,0.00800000037997961
敦,101,0,101,m,0.00100000004749745
敦司,26,0,26,m,0.00899999961256981
敦史,43,0,43,m,0.00100000004749745
敦子,64,64,0,f,0.00100000004749745
敦志,18,0,18,m,0.0137584581971169
敦美,2,2,0,f,0.044897086918354
奈央,18,17,1,f,5.03677967389482E-11
奈央子,3,3,0,f,0.00951321329921484
奈月,6,5,1,f,0.0021101871971041
奈菜,2,2,0,f,0.044897086918354
奈緒,11,11,0,f,3.86544840580427E-08
奈緒子,9,9,0,f,8.60957527493156E-07
奈緒美,14,14,0,f,3.67728375527676E-10
奈生,2,1,1,b,0.378881573677063
奈津,2,2,0,f,0.044897086918354
奈津希,2,2,0,f,0.044897086918354
奈津恵,2,2,0,f,0.044897086918354
奈津子,24,24,0,f,0.00100000004749745
奈津枝,2,2,0,f,0.044897086918354
奈津美,8,8,0,f,4.06324170398875E-06
奈都美,2,2,0,f,0.044897086918354
奈々,21,21,0,f,7.05164923577983E-15
奈々恵,2,2,0,f,0.044897086918354
奈々子,3,3,0,f,0.00951321329921484
奈那美,2,2,0,f,0.044897086918354
奈美,21,21,0,f,7.05164923577983E-15
奈美江,3,3,0,f,0.00951321329921484
奈美子,2,2,0,f,0.044897086918354
奈保子,4,4,0,f,0.00201574829407036
奈保美,5,5,0,f,0.000427115563070402
奈穂,6,6,0,f,9.05012275325134E-05
奈穂子,8,8,0,f,4.06324170398875E-06
奈穂美,6,6,0,f,9.05012275325134E-05
奈未,2,2,0,f,0.044897086918354
南,6,6,0,f,9.05012275325134E-05
南美,2,2,0,f,0.044897086918354
二郎,19,0,19,m,0.0108431875705719
日向,3,1,2,b,0.510489940643311
日向子,3,3,0,f,0.00951321329921484
日佐子,2,2,0,f,0.044897086918354
日菜,2,2,0,f,0.044897086918354
日出美,2,2,0,f,0.044897086918354
日奈子,2,2,0,f,0.044897086918354
日和,2,2,0,f,0.044897086918354
忍,58,8,50,b,0.899999976158142
寧々,2,2,0,f,0.044897086918354
乃愛,2,2,0,f,0.044897086918354
博,126,0,126,m,0.00100000004749745
博一,17,0,17,m,0.0174575205892324
博光,13,0,13,m,0.0452515780925751
博幸,43,0,43,m,0.00100000004749745
博行,33,0,33,m,0.00400000018998981
博司,35,0,35,m,0.00300000002607703
博史,58,0,58,m,0.00100000004749745
博子,40,40,0,f,0.00100000004749745
博志,24,0,24,m,0.0120000001043081
博樹,16,0,16,m,0.0221511032432318
博昭,36,0,36,m,0.00300000002607703
博章,15,0,15,m,0.0281065888702869
博人,13,0,13,m,0.0452515780925751
博之,124,0,124,m,0.00100000004749745
博美,34,23,11,f,0.00100000004749745
博文,71,0,71,m,0.00100000004749745
博明,17,0,17,m,0.0174575205892324
博和,13,0,13,m,0.0452515780925751
肇,60,0,60,m,0.00100000004749745
八恵美,2,2,0,f,0.044897086918354
八重子,8,8,0,f,4.06324170398875E-06
八千代,3,3,0,f,0.00951321329921484
隼,19,0,19,m,0.0108431875705719
隼人,44,0,44,m,0.00100000004749745
帆花,2,2,0,f,0.044897086918354
繁,36,0,36,m,0.00300000002607703
範子,13,13,0,f,1.73547376469685E-09
妃菜,3,3,0,f,0.00951321329921484
比呂子,3,3,0,f,0.00951321329921484
比呂美,2,1,1,b,0.378881573677063
飛鳥,6,4,2,f,0.0208904650062323
美衣,2,2,0,f,0.044897086918354
美羽,7,7,0,f,1.91762446775101E-05
美栄,3,3,0,f,0.00951321329921484
美栄子,2,2,0,f,0.044897086918354
美央,2,2,0,f,0.044897086918354
美音,2,2,0,f,0.044897086918354
美佳,31,31,0,f,0.00100000004749745
美佳子,2,2,0,f,0.044897086918354
美加,9,9,0,f,8.60957527493156E-07
美加子,4,4,0,f,0.00201574829407036
美夏,4,4,0,f,0.00201574829407036
美花,3,3,0,f,0.00951321329921484
美華,4,4,0,f,0.00201574829407036
美賀,2,2,0,f,0.044897086918354
美海,2,2,0,f,0.044897086918354
美絵,9,9,0,f,8.60957527493156E-07
美喜,5,5,0,f,0.000427115563070402
美喜子,4,4,0,f,0.00201574829407036
美岐,2,2,0,f,0.044897086918354
美希,12,12,0,f,8.19047318856292E-09
美季,7,7,0,f,1.91762446775101E-05
美紀,55,54,1,f,0.00100000004749745
美紀子,14,14,0,f,3.67728375527676E-10
美貴,15,14,1,f,4.42507763764866E-09
美貴子,8,8,0,f,4.06324170398875E-06
美琴,2,2,0,f,0.044897086918354
美玖,2,2,0,f,0.044897086918354
美空,4,4,0,f,0.00201574829407036
美恵,24,24,0,f,0.00100000004749745
美恵子,29,29,0,f,0.00100000004749745
美結,2,2,0,f,0.044897086918354
美月,7,7,0,f,1.91762446775101E-05
美幸,52,51,1,f,0.00100000004749745
美江,10,10,0,f,1.82427712047684E-07
美江子,5,5,0,f,0.000427115563070402
美香,79,79,0,f,0.00100000004749745
美香子,7,7,0,f,1.91762446775101E-05
美佐,9,9,0,f,8.60957527493156E-07
美佐江,2,2,0,f,0.044897086918354
美佐子,24,24,0,f,0.00100000004749745
美佐代,2,2,0,f,0.044897086918354
美沙,11,11,0,f,3.86544840580427E-08
美沙子,2,2,0,f,0.044897086918354
美砂,2,2,0,f,0.044897086918354
美砂子,3,3,0,f,0.00951321329921484
美菜,2,2,0,f,0.044897086918354
美菜子,2,2,0,f,0.044897086918354
美咲,29,29,0,f,0.00100000004749745
美桜,4,4,0,f,0.00201574829407036
美子,13,13,0,f,1.73547376469685E-09
美枝,5,5,0,f,0.000427115563070402
美枝子,11,11,0,f,3.86544840580427E-08
美紗,2,2,0,f,0.044897086918354
美紗子,3,3,0,f,0.00951321329921484
美樹,55,53,2,f,0.00100000004749745
美樹子,3,3,0,f,0.00951321329921484
美重子,2,2,0,f,0.044897086918354
美春,7,6,1,f,0.000518451153766364
美緒,14,14,0,f,3.67728375527676E-10
美織,3,3,0,f,0.00951321329921484
美晴,3,3,0,f,0.00951321329921484
美生,2,2,0,f,0.044897086918354
美雪,9,9,0,f,8.60957527493156E-07
美千子,5,5,0,f,0.000427115563070402
美千代,16,16,0,f,1.65099323101714E-11
美千留,2,2,0,f,0.044897086918354
美早,2,2,0,f,0.044897086918354
美代,6,6,0,f,9.05012275325134E-05
美代子,34,34,0,f,0.00100000004749745
美知子,6,6,0,f,9.05012275325134E-05
美知代,2,2,0,f,0.044897086918354
美智,3,3,0,f,0.00951321329921484
美智子,55,55,0,f,0.00100000004749745
美智枝,2,2,0,f,0.044897086918354
美智代,13,13,0,f,1.73547376469685E-09
美津江,2,2,0,f,0.044897086918354
美津子,13,13,0,f,1.73547376469685E-09
美典,2,1,1,b,0.378881573677063
美登里,3,3,0,f,0.00951321329921484
美都,4,4,0,f,0.00201574829407036
美奈,16,16,0,f,1.65099323101714E-11
美奈子,38,38,0,f,0.00100000004749745
美那,2,2,0,f,0.044897086918354
美南,2,2,0,f,0.044897086918354
美乃,2,2,0,f,0.044897086918354
美波,9,9,0,f,8.60957527493156E-07
美帆,11,11,0,f,3.86544840580427E-08
美帆子,3,3,0,f,0.00951321329921484
美妃,3,3,0,f,0.00951321329921484
美保,48,48,0,f,0.00100000004749745
美保子,9,9,0,f,8.60957527493156E-07
美穂,71,70,1,f,0.00100000004749745
美穂子,17,17,0,f,3.49827848980522E-12
美也子,8,8,0,f,4.06324170398875E-06
美弥,2,2,0,f,0.044897086918354
美弥子,7,7,0,f,1.91762446775101E-05
美優,8,8,0,f,4.06324170398875E-06
美友紀,2,2,0,f,0.044897086918354
美憂,2,2,0,f,0.044897086918354
美由希,3,3,0,f,0.00951321329921484
美由紀,34,34,0,f,0.00100000004749745
美由起,2,2,0,f,0.044897086918354
美来,3,3,0,f,0.00951321329921484
美里,19,19,0,f,1.57062514036244E-13
美輪,2,2,0,f,0.044897086918354
美玲,2,2,0,f,0.044897086918354
美鈴,16,16,0,f,1.65099323101714E-11
美麗,2,2,0,f,0.044897086918354
美和,43,42,1,f,0.00100000004749745
美和子,25,25,0,f,0.00100000004749745
百花,2,2,0,f,0.044897086918354
百合,5,5,0,f,0.000427115563070402
百合香,2,2,0,f,0.044897086918354
百合子,20,20,0,f,3.32798702875128E-14
百代,2,2,0,f,0.044897086918354
敏,35,0,35,m,0.00300000002607703
敏恵,3,3,0,f,0.00951321329921484
敏宏,13,0,13,m,0.0452515780925751
敏幸,18,0,18,m,0.0137584581971169
敏弘,25,0,25,m,0.00999999977648258
敏江,5,5,0,f,0.000427115563070402
敏行,26,0,26,m,0.00899999961256981
敏子,11,11,0,f,3.86544840580427E-08
敏男,14,0,14,m,0.0356632508337498
敏之,44,0,44,m,0.00100000004749745
敏美,9,3,6,b,0.293646693229675
敏彦,28,0,28,m,0.00700000021606684
敏夫,38,0,38,m,0.0020000000949949
敏明,22,0,22,m,0.00530784949660301
敏雄,21,0,21,m,0.00673490390181541
敏郎,24,0,24,m,0.0120000001043081
富士子,5,5,0,f,0.000427115563070402
富士美,4,3,1,f,0.0320056080818176
富子,5,5,0,f,0.000427115563070402
富美,2,2,0,f,0.044897086918354
富美子,21,21,0,f,7.05164923577983E-15
富美代,2,2,0,f,0.044897086918354
扶美子,2,2,0,f,0.044897086918354
芙美,3,3,0,f,0.00951321329921484
武,92,0,92,m,0.00100000004749745
武司,28,0,28,m,0.00700000021606684
武史,47,0,47,m,0.00100000004749745
武士,24,0,24,m,0.0120000001043081
武子,2,2,0,f,0.044897086918354
武志,87,0,87,m,0.00100000004749745
武彦,31,0,31,m,0.00499999988824129
武夫,16,0,16,m,0.0221511032432318
舞,28,28,0,f,0.00100000004749745
舞香,3,3,0,f,0.00951321329921484
舞子,5,5,0,f,0.000427115563070402
楓,15,12,3,f,1.94184826796118E-06
福子,2,2,0,f,0.044897086918354
福美,2,1,1,b,0.378881573677063
文,9,8,1,f,2.96815142064588E-05
文佳,2,2,0,f,0.044897086918354
文恵,7,7,0,f,1.91762446775101E-05
文江,6,6,0,f,9.05012275325134E-05
文香,6,6,0,f,9.05012275325134E-05
文菜,2,2,0,f,0.044897086918354
文子,40,40,0,f,0.00100000004749745
文枝,3,3,0,f,0.00951321329921484
文昭,13,0,13,m,0.0452515780925751
文代,3,3,0,f,0.00951321329921484
文男,13,0,13,m,0.0452515780925751
文乃,2,2,0,f,0.044897086918354
文美,5,5,0,f,0.000427115563070402
文彦,34,0,34,m,0.00300000002607703
文夫,17,0,17,m,0.0174575205892324
文明,14,0,14,m,0.0356632508337498
文雄,27,0,27,m,0.00800000037997961
文葉,2,2,0,f,0.044897086918354
米子,2,2,0,f,0.044897086918354
碧,9,8,1,f,2.96815142064588E-05
勉,134,0,134,m,0.00100000004749745
保,42,0,42,m,0.00100000004749745
保子,5,5,0,f,0.000427115563070402
保美,2,1,1,b,0.378881573677063
歩,52,15,37,b,0.899999976158142
歩惟,2,2,0,f,0.044897086918354
歩実,3,3,0,f,0.00951321329921484
歩美,11,11,0,f,3.86544840580427E-08
穂,5,2,3,b,0.287234365940094
穂花,2,2,0,f,0.044897086918354
穂南,2,2,0,f,0.044897086918354
峰子,7,7,0,f,1.91762446775101E-05
方子,2,2,0,f,0.044897086918354
朋恵,3,3,0,f,0.00951321329921484
朋宏,17,0,17,m,0.0174575205892324
朋香,2,2,0,f,0.044897086918354
朋子,71,71,0,f,0.00100000004749745
朋実,3,1,2,b,0.510489940643311
朋代,7,7,0,f,1.91762446775101E-05
朋之,14,0,14,m,0.0356632508337498
朋美,14,14,0,f,3.67728375527676E-10
法子,15,15,0,f,7.79177139476062E-11
芳,4,2,2,b,0.199324056506157
芳恵,5,5,0,f,0.000427115563070402
芳江,5,5,0,f,0.000427115563070402
芳子,14,14,0,f,3.67728375527676E-10
芳枝,3,3,0,f,0.00951321329921484
芳樹,15,0,15,m,0.0281065888702869
芳美,3,2,1,b,0.115664832293987
芳彦,17,0,17,m,0.0174575205892324
芳惠,2,2,0,f,0.044897086918354
萌,12,11,1,f,3.7375860983957E-07
萌花,2,2,0,f,0.044897086918354
萌絵,3,3,0,f,0.00951321329921484
萌香,2,2,0,f,0.044897086918354
萌子,3,3,0,f,0.00951321329921484
萌美,3,3,0,f,0.00951321329921484
萌々香,2,2,0,f,0.044897086918354
豊,168,1,167,m,0.00100000004749745
豊子,10,10,0,f,1.82427712047684E-07
豊美,4,1,3,b,0.614211916923523
邦子,11,11,0,f,3.86544840580427E-08
邦男,13,0,13,m,0.0452515780925751
邦彦,46,0,46,m,0.00100000004749745
邦夫,24,0,24,m,0.0120000001043081
邦明,14,0,14,m,0.0356632508337498
邦雄,13,0,13,m,0.0452515780925751
房子,8,8,0,f,4.06324170398875E-06
望,46,16,30,f,0.025000000372529
望美,2,1,1,b,0.378881573677063
望未,3,3,0,f,0.00951321329921484
牧,5,4,1,f,0.00837027933448553
牧子,5,5,0,f,0.000427115563070402
睦,23,9,14,f,0.0385688915848732
睦月,3,2,1,b,0.115664832293987
睦子,10,10,0,f,1.82427712047684E-07
睦実,2,2,0,f,0.044897086918354
睦美,18,17,1,f,5.03677967389482E-11
磨衣子,2,2,0,f,0.044897086918354
麻衣,27,27,0,f,0.00100000004749745
麻衣子,25,25,0,f,0.00100000004749745
麻央,5,2,3,b,0.287234365940094
麻希,3,3,0,f,0.00951321329921484
麻紀,13,13,0,f,1.73547376469685E-09
麻紀子,7,7,0,f,1.91762446775101E-05
麻貴,3,3,0,f,0.00951321329921484
麻起子,2,2,0,f,0.044897086918354
麻琴,3,3,0,f,0.00951321329921484
麻結,2,2,0,f,0.044897086918354
麻湖,2,2,0,f,0.044897086918354
麻菜,2,2,0,f,0.044897086918354
麻子,18,18,0,f,7.41247883385976E-13
麻実,3,3,0,f,0.00951321329921484
麻代,2,2,0,f,0.044897086918354
麻奈美,4,4,0,f,0.00201574829407036
麻乃,2,2,0,f,0.044897086918354
麻帆,2,2,0,f,0.044897086918354
麻美,29,29,0,f,0.00100000004749745
麻未,2,2,0,f,0.044897086918354
麻耶,2,2,0,f,0.044897086918354
麻弥,3,3,0,f,0.00951321329921484
麻友,3,3,0,f,0.00951321329921484
麻友美,5,5,0,f,0.000427115563070402
麻由,5,5,0,f,0.000427115563070402
麻由子,5,5,0,f,0.000427115563070402
麻由美,6,6,0,f,9.05012275325134E-05
麻祐子,2,2,0,f,0.044897086918354
麻利子,4,4,0,f,0.00201574829407036
麻理,5,5,0,f,0.000427115563070402
麻理子,5,5,0,f,0.000427115563070402
麻里,20,20,0,f,3.32798702875128E-14
麻里子,7,7,0,f,1.91762446775101E-05
麻里奈,2,2,0,f,0.044897086918354
麻莉,2,2,0,f,0.044897086918354
末子,3,3,0,f,0.00951321329921484
繭,2,2,0,f,0.044897086918354
繭子,2,2,0,f,0.044897086918354
万希子,2,2,0,f,0.044897086918354
万紀,2,2,0,f,0.044897086918354
万紀子,2,2,0,f,0.044897086918354
万由子,2,2,0,f,0.044897086918354
万葉,2,1,1,b,0.378881573677063
万里,2,1,1,b,0.378881573677063
万里子,9,9,0,f,8.60957527493156E-07
万里奈,2,2,0,f,0.044897086918354
満,68,1,67,m,0.00100000004749745
満輝,2,1,1,b,0.378881573677063
満江,2,2,0,f,0.044897086918354
満子,2,2,0,f,0.044897086918354
満代,3,3,0,f,0.00951321329921484
満智子,3,3,0,f,0.00951321329921484
満里奈,2,2,0,f,0.044897086918354
未羽,2,2,0,f,0.044897086918354
未央,7,6,1,f,0.000518451153766364
未希,2,2,0,f,0.044897086918354
未紗,2,2,0,f,0.044897086918354
未樹,3,2,1,b,0.115664832293987
未来,19,18,1,f,1.12565842064205E-11
未来子,3,3,0,f,0.00951321329921484
未侑,2,2,0,f,0.044897086918354
未來,2,2,0,f,0.044897086918354
岬,6,4,2,f,0.0208904650062323
稔,116,0,116,m,0.00100000004749745
稔子,4,4,0,f,0.00201574829407036
妙,4,4,0,f,0.00201574829407036
妙子,33,33,0,f,0.00100000004749745
民子,2,2,0,f,0.044897086918354
務,22,0,22,m,0.00530784949660301
夢,3,3,0,f,0.00951321329921484
名津美,2,2,0,f,0.044897086918354
名保子,2,2,0,f,0.044897086918354
明,131,2,129,m,0.00100000004749745
明音,3,3,0,f,0.00951321329921484
明華,3,3,0,f,0.00951321329921484
明希,4,2,2,b,0.199324056506157
明紀,2,1,1,b,0.378881573677063
明宏,21,0,21,m,0.00673490390181541
明広,15,0,15,m,0.0281065888702869
明弘,26,0,26,m,0.00899999961256981
明香,8,8,0,f,4.06324170398875E-06
明香里,2,2,0,f,0.044897086918354
明菜,2,2,0,f,0.044897086918354
明子,81,81,0,f,0.00100000004749745
明人,16,0,16,m,0.0221511032432318
明代,4,4,0,f,0.00201574829407036
明男,15,0,15,m,0.0281065888702869
明奈,2,2,0,f,0.044897086918354
明日佳,3,3,0,f,0.00951321329921484
明日香,23,23,0,f,3.16598495780335E-16
明美,77,77,0,f,0.00100000004749745
明彦,60,0,60,m,0.00100000004749745
明穂,2,1,1,b,0.378881573677063
明里,3,3,0,f,0.00951321329921484
明莉,3,3,0,f,0.00951321329921484
茂,144,0,144,m,0.00100000004749745
茂子,5,5,0,f,0.000427115563070402
茂樹,78,0,78,m,0.00100000004749745
茂美,9,5,4,f,0.0249415636062622
茂雄,29,0,29,m,0.00600000005215406
猛,59,0,59,m,0.00100000004749745
木の実,2,2,0,f,0.044897086918354
紋,3,3,0,f,0.00951321329921484
紋子,2,2,0,f,0.044897086918354
野乃佳,2,2,0,f,0.044897086918354
弥生,31,30,1,f,0.00100000004749745
靖,69,0,69,m,0.00100000004749745
靖恵,2,2,0,f,0.044897086918354
靖史,13,0,13,m,0.0452515780925751
靖子,27,27,0,f,0.00100000004749745
靖枝,2,2,0,f,0.044897086918354
靖之,15,0,15,m,0.0281065888702869
諭,28,0,28,m,0.00700000021606684
唯,16,11,5,f,5.75905469304416E-05
佑,20,0,20,m,0.00854563154280186
佑佳,2,2,0,f,0.044897086918354
佑介,27,0,27,m,0.00800000037997961
佑希,2,2,0,f,0.044897086918354
佑季,2,1,1,b,0.378881573677063
佑香,2,2,0,f,0.044897086918354
佑子,2,2,0,f,0.044897086918354
佑実,2,2,0,f,0.044897086918354
佑樹,14,0,14,m,0.0356632508337498
佑太,17,0,17,m,0.0174575205892324
佑美,4,4,0,f,0.00201574829407036
佑輔,15,0,15,m,0.0281065888702869
優,84,10,74,m,0.0379999987781048
優依,3,3,0,f,0.00951321329921484
優衣,6,6,0,f,9.05012275325134E-05
優一,19,0,19,m,0.0108431875705719
優羽,2,1,1,b,0.378881573677063
優花,12,12,0,f,8.19047318856292E-09
優介,20,0,20,m,0.00854563154280186
優希,18,7,11,b,0.0672688782215118
優紀,7,4,3,f,0.0406250469386578
優貴,16,2,14,b,0.309579998254776
優空,3,1,2,b,0.510489940643311
優恵,2,2,0,f,0.044897086918354
優香,4,4,0,f,0.00201574829407036
優子,87,87,0,f,0.00100000004749745
優樹,14,0,14,m,0.0356632508337498
優心,4,2,2,b,0.199324056506157
優真,6,1,5,b,0.626161813735962
優人,11,1,10,b,0.288318574428558
優太,34,0,34,m,0.00300000002607703
優奈,6,6,0,f,9.05012275325134E-05
優美,6,6,0,f,9.05012275325134E-05
優美子,8,8,0,f,4.06324170398875E-06
優理子,2,2,0,f,0.044897086918354
優里,7,7,0,f,1.91762446775101E-05
勇,58,0,58,m,0.00100000004749745
勇一,23,0,23,m,0.00418317271396518
勇介,20,0,20,m,0.00854563154280186
勇輝,17,0,17,m,0.0174575205892324
勇次,23,0,23,m,0.00418317271396518
勇樹,32,0,32,m,0.00400000018998981
勇人,53,0,53,m,0.00100000004749745
勇太,27,0,27,m,0.00800000037997961
友,6,1,5,b,0.626161813735962
友英,3,1,2,b,0.510489940643311
友佳子,2,2,0,f,0.044897086918354
友加里,2,2,0,f,0.044897086918354
友希,9,4,5,b,0.102163895964622
友紀,39,26,13,f,0.00100000004749745
友紀子,15,15,0,f,7.79177139476062E-11
友貴,14,3,11,b,0.59551203250885
友恵,2,2,0,f,0.044897086918354
友見,3,2,1,b,0.115664832293987
友宏,13,0,13,m,0.0452515780925751
友江,2,2,0,f,0.044897086918354
友香,15,15,0,f,7.79177139476062E-11
友香子,3,3,0,f,0.00951321329921484
友菜,2,2,0,f,0.044897086918354
友子,24,24,0,f,0.00100000004749745
友樹,16,0,16,m,0.0221511032432318
友美,36,36,0,f,0.00100000004749745
友美恵,2,2,0,f,0.044897086918354
友美子,7,7,0,f,1.91762446775101E-05
友彦,16,0,16,m,0.0221511032432318
友保,2,1,1,b,0.378881573677063
友麻,2,1,1,b,0.378881573677063
友也,14,0,14,m,0.0356632508337498
友梨,6,6,0,f,9.05012275325134E-05
友理,2,2,0,f,0.044897086918354
友里,15,15,0,f,7.79177139476062E-11
友里恵,3,3,0,f,0.00951321329921484
友和,17,0,17,m,0.0174575205892324
悠,33,10,23,b,0.899999976158142
悠介,24,0,24,m,0.0120000001043081
悠希,10,2,8,b,0.641677737236023
悠紀,4,1,3,b,0.614211916923523
悠紀子,2,2,0,f,0.044897086918354
悠貴,13,1,12,b,0.203412413597107
悠香,3,3,0,f,0.00951321329921484
悠菜,2,2,0,f,0.044897086918354
悠子,7,7,0,f,1.91762446775101E-05
悠太,20,0,20,m,0.00854563154280186
悠理,4,2,2,b,0.199324056506157
悠里,7,5,2,f,0.00608952762559056
有,10,1,9,b,0.340981245040894
有加,5,5,0,f,0.000427115563070402
有加里,2,2,0,f,0.044897086918354
有希,12,11,1,f,3.7375860983957E-07
有希子,6,6,0,f,9.05012275325134E-05
有紀,25,25,0,f,0.00100000004749745
有紀子,8,8,0,f,4.06324170398875E-06
有記,3,1,2,b,0.510489940643311
有貴,2,1,1,b,0.378881573677063
有香,9,9,0,f,8.60957527493156E-07
有香子,3,3,0,f,0.00951321329921484
有沙,3,3,0,f,0.00951321329921484
有子,9,9,0,f,8.60957527493156E-07
有紗,2,2,0,f,0.044897086918354
有樹,3,1,2,b,0.510489940643311
有生,4,1,3,b,0.614211916923523
有美,12,12,0,f,8.19047318856292E-09
有美子,6,6,0,f,9.05012275325134E-05
有理,5,5,0,f,0.000427115563070402
有理子,2,2,0,f,0.044897086918354
有里,10,9,1,f,6.96772576702642E-06
柚花,2,2,0,f,0.044897086918354
柚希,2,2,0,f,0.044897086918354
柚葉,3,3,0,f,0.00951321329921484
由,5,3,2,b,0.0674585998058319
由依,4,4,0,f,0.00201574829407036
由衣,8,8,0,f,4.06324170398875E-06
由佳,39,39,0,f,0.00100000004749745
由佳子,6,6,0,f,9.05012275325134E-05
由佳理,5,5,0,f,0.000427115563070402
由佳里,3,3,0,f,0.00951321329921484
由加利,2,2,0,f,0.044897086918354
由加理,3,3,0,f,0.00951321329921484
由加里,8,8,0,f,4.06324170398875E-06
由夏,5,5,0,f,0.000427115563070402
由花,2,2,0,f,0.044897086918354
由華,8,8,0,f,4.06324170398875E-06
由希,2,2,0,f,0.044897086918354
由希子,11,11,0,f,3.86544840580427E-08
由季,4,3,1,f,0.0320056080818176
由季子,4,4,0,f,0.00201574829407036
由紀,48,48,0,f,0.00100000004749745
由紀江,2,2,0,f,0.044897086918354
由紀子,52,52,0,f,0.00100000004749745
由紀枝,2,2,0,f,0.044897086918354
由紀美,2,2,0,f,0.044897086918354
由記子,2,2,0,f,0.044897086918354
由貴,7,7,0,f,1.91762446775101E-05
由貴子,8,8,0,f,4.06324170398875E-06
由起,2,2,0,f,0.044897086918354
由起子,10,10,0,f,1.82427712047684E-07
由恵,5,5,0,f,0.000427115563070402
由江,2,2,0,f,0.044897086918354
由香,33,33,0,f,0.00100000004749745
由香子,5,5,0,f,0.000427115563070402
由香利,4,4,0,f,0.00201574829407036
由香理,3,3,0,f,0.00951321329921484
由香里,17,17,0,f,3.49827848980522E-12
由菜,4,4,0,f,0.00201574829407036
由子,6,6,0,f,9.05012275325134E-05
由実,7,7,0,f,1.91762446775101E-05
由実子,3,3,0,f,0.00951321329921484
由樹,6,1,5,b,0.626161813735962
由樹子,2,2,0,f,0.044897086918354
由奈,4,4,0,f,0.00201574829407036
由美,78,78,0,f,0.00100000004749745
由美香,3,3,0,f,0.00951321329921484
由美子,106,106,0,f,0.00100000004749745
由布,2,2,0,f,0.044897086918354
由弥,3,2,1,b,0.115664832293987
由利,2,2,0,f,0.044897086918354
由利恵,2,2,0,f,0.044897086918354
由利子,5,5,0,f,0.000427115563070402
由梨,2,2,0,f,0.044897086918354
由理,6,6,0,f,9.05012275325134E-05
由理子,2,2,0,f,0.044897086918354
由里,9,9,0,f,8.60957527493156E-07
由里子,5,5,0,f,0.000427115563070402
由莉,3,3,0,f,0.00951321329921484
祐,21,1,20,m,0.0447601974010468
祐一,53,0,53,m,0.00100000004749745
祐一郎,17,0,17,m,0.0174575205892324
祐佳,3,3,0,f,0.00951321329921484
祐加,3,3,0,f,0.00951321329921484
祐介,85,0,85,m,0.00100000004749745
祐希,12,3,9,b,0.483409285545349
祐紀,9,1,8,b,0.401120543479919
祐貴,16,0,16,m,0.0221511032432318
祐月,2,2,0,f,0.044897086918354
祐司,43,0,43,m,0.00100000004749745
祐子,62,62,0,f,0.00100000004749745
祐治,21,0,21,m,0.00673490390181541
祐樹,41,0,41,m,0.00100000004749745
祐太,38,0,38,m,0.0020000000949949
祐二,45,0,45,m,0.00100000004749745
祐美,10,10,0,f,1.82427712047684E-07
祐美子,7,7,0,f,1.91762446775101E-05
祐輔,43,0,43,m,0.00100000004749745
祐巳,2,2,0,f,0.044897086918354
祐也,18,0,18,m,0.0137584581971169
裕,94,1,93,m,0.00100000004749745
裕一,82,0,82,m,0.00100000004749745
裕佳,4,3,1,f,0.0320056080818176
裕加里,2,2,0,f,0.044897086918354
裕夏,3,3,0,f,0.00951321329921484
裕介,75,0,75,m,0.00100000004749745
裕希,7,1,6,b,0.544257760047913
裕紀,20,1,19,b,0.0544967465102673
裕貴,39,0,39,m,0.0020000000949949
裕幸,21,0,21,m,0.00673490390181541
裕行,19,0,19,m,0.0108431875705719
裕香,4,4,0,f,0.00201574829407036
裕香子,2,2,0,f,0.044897086918354
裕司,86,0,86,m,0.00100000004749745
裕史,35,0,35,m,0.00300000002607703
裕士,18,0,18,m,0.0137584581971169
裕子,188,188,0,f,0.00100000004749745
裕次,18,0,18,m,0.0137584581971169
裕治,18,0,18,m,0.0137584581971169
裕実,2,2,0,f,0.044897086918354
裕樹,57,0,57,m,0.00100000004749745
裕章,13,0,13,m,0.0452515780925751
裕人,18,0,18,m,0.0137584581971169
裕太,47,0,47,m,0.00100000004749745
裕代,2,2,0,f,0.044897086918354
裕二,66,0,66,m,0.00100000004749745
裕之,119,0,119,m,0.00100000004749745
裕美,65,65,0,f,0.00100000004749745
裕美子,20,20,0,f,3.32798702875128E-14
裕巳,4,1,3,b,0.614211916923523
裕明,14,0,14,m,0.0356632508337498
裕也,41,0,41,m,0.00100000004749745
裕理,2,1,1,b,0.378881573677063
雄,20,0,20,m,0.00854563154280186
雄一,98,0,98,m,0.00100000004749745
雄一郎,54,0,54,m,0.00100000004749745
雄介,37,0,37,m,0.00300000002607703
雄基,13,0,13,m,0.0452515780925751
雄貴,17,0,17,m,0.0174575205892324
雄三,22,0,22,m,0.00530784949660301
雄司,19,0,19,m,0.0108431875705719
雄樹,13,0,13,m,0.0452515780925751
雄太,57,0,57,m,0.00100000004749745
雄大,48,0,48,m,0.00100000004749745
雄二,55,0,55,m,0.00100000004749745
雄美,2,1,1,b,0.378881573677063
雄也,15,0,15,m,0.0281065888702869
夕佳,2,1,1,b,0.378881573677063
夕紀子,2,2,0,f,0.044897086918354
夕貴,3,3,0,f,0.00951321329921484
夕香里,2,2,0,f,0.044897086918354
夕子,5,5,0,f,0.000427115563070402
誉子,3,3,0,f,0.00951321329921484
容子,30,30,0,f,0.00100000004749745
庸子,4,4,0,f,0.00201574829407036
曜,2,1,1,b,0.378881573677063
曜子,4,4,0,f,0.00201574829407036
洋,114,0,114,m,0.00100000004749745
洋一,125,0,125,m,0.00100000004749745
洋一郎,22,0,22,m,0.00530784949660301
洋介,55,0,55,m,0.00100000004749745
洋行,15,0,15,m,0.0281065888702869
洋史,14,0,14,m,0.0356632508337498
洋子,89,89,0,f,0.00100000004749745
洋志,13,0,13,m,0.0452515780925751
洋樹,19,0,19,m,0.0108431875705719
洋二,26,0,26,m,0.00899999961256981
洋之,20,0,20,m,0.00854563154280186
洋美,16,15,1,f,9.99034521775855E-10
洋平,68,0,68,m,0.00100000004749745
洋輔,16,0,16,m,0.0221511032432318
葉月,9,9,0,f,8.60957527493156E-07
葉子,21,21,0,f,7.05164923577983E-15
蓉子,2,2,0,f,0.044897086918354
要,34,0,34,m,0.00300000002607703
遥,15,13,2,f,1.17608223604293E-07
遥香,7,7,0,f,1.91762446775101E-05
遥菜,3,3,0,f,0.00951321329921484
遥奈,2,2,0,f,0.044897086918354
陽,26,2,24,b,0.0939999967813492
陽一,65,0,65,m,0.00100000004749745
陽一郎,18,0,18,m,0.0137584581971169
陽介,68,0,68,m,0.00100000004749745
陽希,2,1,1,b,0.378881573677063
陽菜,12,12,0,f,8.19047318856292E-09
陽子,153,153,0,f,0.00100000004749745
陽代,2,2,0,f,0.044897086918354
陽平,47,0,47,m,0.00100000004749745
翼,64,0,64,m,0.00100000004749745
来美,2,2,0,f,0.044897086918354
来夢,2,2,0,f,0.044897086918354
頼子,3,3,0,f,0.00951321329921484
藍,5,5,0,f,0.000427115563070402
藍子,2,2,0,f,0.044897086918354
蘭,4,4,0,f,0.00201574829407036
利一,13,0,13,m,0.0452515780925751
利英,4,1,3,b,0.614211916923523
利佳,6,6,0,f,9.05012275325134E-05
利加,2,2,0,f,0.044897086918354
利華,2,2,0,f,0.044897086918354
利恵,6,6,0,f,9.05012275325134E-05
利恵子,6,6,0,f,9.05012275325134E-05
利幸,26,0,26,m,0.00899999961256981
利江,5,5,0,f,0.000427115563070402
利香,3,3,0,f,0.00951321329921484
利枝,9,9,0,f,8.60957527493156E-07
利実,2,1,1,b,0.378881573677063
利津子,3,3,0,f,0.00951321329921484
利奈,2,2,0,f,0.044897086918354
利之,19,0,19,m,0.0108431875705719
利美,3,1,2,b,0.510489940643311
利彦,25,0,25,m,0.00999999977648258
利夫,15,0,15,m,0.0281065888702869
利明,29,0,29,m,0.00600000005215406
李佳,2,2,0,f,0.044897086918354
梨央,3,3,0,f,0.00951321329921484
梨佳,2,2,0,f,0.044897086918354
梨花,5,5,0,f,0.000427115563070402
梨絵,9,9,0,f,8.60957527493156E-07
梨恵,8,8,0,f,4.06324170398875E-06
梨江,2,2,0,f,0.044897086918354
梨香,4,4,0,f,0.00201574829407036
梨沙,9,9,0,f,8.60957527493156E-07
梨菜,2,2,0,f,0.044897086918354
梨紗,5,5,0,f,0.000427115563070402
梨緒,3,3,0,f,0.00951321329921484
梨奈,5,5,0,f,0.000427115563070402
梨乃,4,4,0,f,0.00201574829407036
理,44,0,44,m,0.00100000004749745
理英子,2,2,0,f,0.044897086918354
理佳,6,6,0,f,9.05012275325134E-05
理加,7,7,0,f,1.91762446775101E-05
理華,2,2,0,f,0.044897086918354
理絵,14,14,0,f,3.67728375527676E-10
理恵,64,64,0,f,0.00100000004749745
理恵子,16,16,0,f,1.65099323101714E-11
理江,2,2,0,f,0.044897086918354
理江子,2,2,0,f,0.044897086918354
理香,6,6,0,f,9.05012275325134E-05
理佐,4,4,0,f,0.00201574829407036
理沙,10,10,0,f,1.82427712047684E-07
理沙子,2,2,0,f,0.044897086918354
理菜,3,3,0,f,0.00951321329921484
理子,8,8,0,f,4.06324170398875E-06
理紗,4,4,0,f,0.00201574829407036
理奈,4,4,0,f,0.00201574829407036
理和,2,1,1,b,0.378881573677063
理惠,2,2,0,f,0.044897086918354
璃子,2,2,0,f,0.044897086918354
里映,2,2,0,f,0.044897086918354
里栄,2,2,0,f,0.044897086918354
里佳,11,11,0,f,3.86544840580427E-08
里佳子,3,3,0,f,0.00951321329921484
里絵,2,2,0,f,0.044897086918354
里恵,7,7,0,f,1.91762446775101E-05
里江,2,2,0,f,0.044897086918354
里香,11,11,0,f,3.86544840580427E-08
里沙,6,6,0,f,9.05012275325134E-05
里彩,2,2,0,f,0.044897086918354
里菜,2,2,0,f,0.044897086918354
里咲,2,2,0,f,0.044897086918354
里子,6,6,0,f,9.05012275325134E-05
里枝,3,3,0,f,0.00951321329921484
里枝子,2,2,0,f,0.044897086918354
里実,4,4,0,f,0.00201574829407036
里紗,5,5,0,f,0.000427115563070402
里織,2,2,0,f,0.044897086918354
里奈,24,24,0,f,0.00100000004749745
里美,56,56,0,f,0.00100000004749745
里歩,2,2,0,f,0.044897086918354
陸,20,0,20,m,0.00854563154280186
律,5,1,4,b,0.712765634059906
律子,23,23,0,f,3.16598495780335E-16
留衣,2,2,0,f,0.044897086918354
留美,10,10,0,f,1.82427712047684E-07
留美子,6,6,0,f,9.05012275325134E-05
隆,165,0,165,m,0.00100000004749745
隆一,36,0,36,m,0.00300000002607703
隆宏,23,0,23,m,0.00418317271396518
隆幸,34,0,34,m,0.00300000002607703
隆広,13,0,13,m,0.0452515780925751
隆弘,36,0,36,m,0.00300000002607703
隆行,42,0,42,m,0.00100000004749745
隆司,47,0,47,m,0.00100000004749745
隆史,48,0,48,m,0.00100000004749745
隆子,6,6,0,f,9.05012275325134E-05
隆志,71,0,71,m,0.00100000004749745
隆太,19,0,19,m,0.0108431875705719
隆二,17,0,17,m,0.0174575205892324
隆之,66,0,66,m,0.00100000004749745
隆博,17,0,17,m,0.0174575205892324
隆美,3,2,1,b,0.115664832293987
隆彦,17,0,17,m,0.0174575205892324
隆夫,24,0,24,m,0.0120000001043081
隆文,15,0,15,m,0.0281065888702869
隆雄,18,0,18,m,0.0137584581971169
竜,15,0,15,m,0.0281065888702869
竜一,30,0,30,m,0.00499999988824129
竜太,19,0,19,m,0.0108431875705719
竜太郎,18,0,18,m,0.0137584581971169
竜二,18,0,18,m,0.0137584581971169
竜也,52,0,52,m,0.00100000004749745
龍,18,0,18,m,0.0137584581971169
龍一,24,0,24,m,0.0120000001043081
龍子,2,2,0,f,0.044897086918354
亮,155,1,154,m,0.00100000004749745
亮一,23,0,23,m,0.00418317271396518
亮介,39,0,39,m,0.0020000000949949
亮子,20,20,0,f,3.32798702875128E-14
亮太,81,0,81,m,0.00100000004749745
亮二,15,0,15,m,0.0281065888702869
亮平,31,0,31,m,0.00499999988824129
亮輔,13,0,13,m,0.0452515780925751
凌,16,0,16,m,0.0221511032432318
涼,34,1,33,m,0.00999999977648258
涼香,2,2,0,f,0.044897086918354
涼子,27,27,0,f,0.00100000004749745
涼太,19,0,19,m,0.0108431875705719
良,35,1,34,m,0.00899999961256981
良一,40,1,39,m,0.00499999988824129
良介,23,0,23,m,0.00418317271396518
良恵,2,2,0,f,0.044897086918354
良幸,14,0,14,m,0.0356632508337498
良江,3,3,0,f,0.00951321329921484
良子,39,39,0,f,0.00100000004749745
良枝,4,4,0,f,0.00201574829407036
良治,22,0,22,m,0.00530784949660301
良樹,14,0,14,m,0.0356632508337498
良重,2,1,1,b,0.378881573677063
良太,53,0,53,m,0.00100000004749745
良二,17,0,17,m,0.0174575205892324
良美,7,4,3,f,0.0406250469386578
良平,35,0,35,m,0.00300000002607703
良明,17,0,17,m,0.0174575205892324
良雄,13,0,13,m,0.0452515780925751
諒,39,1,38,m,0.00499999988824129
遼,28,1,27,m,0.0230000000447035
遼子,2,2,0,f,0.044897086918354
陵子,2,2,0,f,0.044897086918354
力,62,0,62,m,0.00100000004749745
緑,12,12,0,f,8.19047318856292E-09
緑子,3,3,0,f,0.00951321329921484
倫,7,1,6,b,0.544257760047913
倫恵,2,2,0,f,0.044897086918354
倫子,19,19,0,f,1.57062514036244E-13
倫世,2,1,1,b,0.378881573677063
倫代,6,6,0,f,9.05012275325134E-05
瑠菜,5,5,0,f,0.000427115563070402
瑠奈,2,2,0,f,0.044897086918354
瑠那,2,2,0,f,0.044897086918354
瑠美,5,5,0,f,0.000427115563070402
瑠美子,2,2,0,f,0.044897086918354
瑠里子,2,2,0,f,0.044897086918354
塁,14,1,13,b,0.169899821281433
累,2,1,1,b,0.378881573677063
令子,8,8,0,f,4.06324170398875E-06
怜,9,1,8,b,0.401120543479919
怜子,4,4,0,f,0.00201574829407036
怜実,2,2,0,f,0.044897086918354
怜美,2,2,0,f,0.044897086918354
玲,12,3,9,b,0.483409285545349
玲香,2,2,0,f,0.044897086918354
玲菜,4,4,0,f,0.00201574829407036
玲子,52,52,0,f,0.00100000004749745
玲奈,15,15,0,f,7.79177139476062E-11
玲那,2,2,0,f,0.044897086918354
礼,4,1,3,b,0.614211916923523
礼子,23,23,0,f,3.16598495780335E-16
礼実,2,2,0,f,0.044897086918354
礼奈,3,3,0,f,0.00951321329921484
礼美,3,3,0,f,0.00951321329921484
鈴,2,2,0,f,0.044897086918354
鈴花,2,2,0,f,0.044897086918354
鈴香,2,2,0,f,0.044897086918354
鈴子,9,9,0,f,8.60957527493156E-07
鈴代,2,2,0,f,0.044897086918354
鈴奈,2,2,0,f,0.044897086918354
麗,10,9,1,f,6.96772576702642E-06
麗夏,2,2,0,f,0.044897086918354
麗子,9,9,0,f,8.60957527493156E-07
麗乃,2,2,0,f,0.044897086918354
路子,10,10,0,f,1.82427712047684E-07
朗,32,0,32,m,0.00400000018998981
朗子,2,2,0,f,0.044897086918354
和,13,5,8,b,0.120880842208862
和栄,5,5,0,f,0.000427115563070402
和音,2,1,1,b,0.378881573677063
和佳子,5,5,0,f,0.000427115563070402
和歌子,2,2,0,f,0.044897086918354
和花,2,2,0,f,0.044897086918354
和希,13,0,13,m,0.0452515780925751
和紀,14,0,14,m,0.0356632508337498
和貴,23,0,23,m,0.00418317271396518
和輝,22,0,22,m,0.00530784949660301
和義,25,0,25,m,0.00999999977648258
和久,52,0,52,m,0.00100000004749745
和恵,12,12,0,f,8.19047318856292E-09
和憲,18,0,18,m,0.0137584581971169
和孝,15,0,15,m,0.0281065888702869
和宏,69,0,69,m,0.00100000004749745
和幸,59,0,59,m,0.00100000004749745
和広,27,0,27,m,0.00800000037997961
和弘,71,0,71,m,0.00100000004749745
和江,8,8,0,f,4.06324170398875E-06
和浩,16,0,16,m,0.0221511032432318
和行,14,0,14,m,0.0356632508337498
和香,2,2,0,f,0.044897086918354
和香奈,2,2,0,f,0.044897086918354
和哉,30,0,30,m,0.00499999988824129
和史,13,0,13,m,0.0452515780925751
和子,71,71,0,f,0.00100000004749745
和志,20,0,20,m,0.00854563154280186
和枝,12,12,0,f,8.19047318856292E-09
和樹,53,0,53,m,0.00100000004749745
和重,14,0,14,m,0.0356632508337498
和昭,15,0,15,m,0.0281065888702869
和真,21,0,21,m,0.00673490390181541
和人,33,0,33,m,0.00400000018998981
和仁,21,0,21,m,0.00673490390181541
和世,3,3,0,f,0.00951321329921484
和成,29,0,29,m,0.00600000005215406
和正,26,0,26,m,0.00899999961256981
和奏,3,3,0,f,0.00951321329921484
和則,30,0,30,m,0.00499999988824129
和代,37,37,0,f,0.00100000004749745
和男,37,0,37,m,0.00300000002607703
和典,27,0,27,m,0.00800000037997961
和徳,19,0,19,m,0.0108431875705719
和之,48,0,48,m,0.00100000004749745
和博,26,0,26,m,0.00899999961256981
和美,97,80,17,f,0.00100000004749745
和彦,172,0,172,m,0.00100000004749745
和夫,57,0,57,m,0.00100000004749745
和巳,9,1,8,b,0.401120543479919
和明,40,0,40,m,0.0020000000949949
和也,149,0,149,m,0.00100000004749745
和裕,18,0,18,m,0.0137584581971169
和雄,28,0,28,m,0.00700000021606684
和洋,14,0,14,m,0.0356632508337498
亘,38,0,38,m,0.0020000000949949
侑,3,1,2,b,0.510489940643311
侑希,2,1,1,b,0.378881573677063
侑子,6,6,0,f,9.05012275325134E-05
侑生,2,1,1,b,0.378881573677063
侑莉,2,2,0,f,0.044897086918354
凛,6,5,1,f,0.0021101871971041
凛音,2,2,0,f,0.044897086918354
惠,4,2,2,b,0.199324056506157
惠子,10,10,0,f,1.82427712047684E-07
惠美,2,2,0,f,0.044897086918354
栞,7,7,0,f,1.91762446775101E-05
栞奈,5,5,0,f,0.000427115563070402
栞里,2,2,0,f,0.044897086918354
澪,3,3,0,f,0.00951321329921484
眞一,20,0,20,m,0.00854563154280186
眞弓,8,7,1,f,0.000124967264127918
眞子,2,2,0,f,0.044897086918354
眞寿美,2,2,0,f,0.044897086918354
眞澄,3,1,2,b,0.510489940643311
眞美,2,2,0,f,0.044897086918354
眞弥,2,1,1,b,0.378881573677063
眞有美,2,2,0,f,0.044897086918354
眞由美,8,8,0,f,4.06324170398875E-06
眞裕美,2,2,0,f,0.044897086918354
眞理,3,2,1,b,0.115664832293987
眞理子,6,6,0,f,9.05012275325134E-05
禮子,2,2,0,f,0.044897086918354
綺星,2,2,0,f,0.044897086918354
翔,95,1,94,m,0.00100000004749745
翔一,14,0,14,m,0.0356632508337498
翔吾,14,0,14,m,0.0356632508337498
翔子,12,12,0,f,8.19047318856292E-09
翔太,86,0,86,m,0.00100000004749745
翔太郎,15,0,15,m,0.0281065888702869
翔大,14,0,14,m,0.0356632508337498
翔平,39,0,39,m,0.0020000000949949
聰子,2,2,0,f,0.044897086918354
苺香,2,2,0,f,0.044897086918354
茉央,2,2,0,f,0.044897086918354
茉奈,2,2,0,f,0.044897086918354
茉莉,3,3,0,f,0.00951321329921484
茉莉亜,2,2,0,f,0.044897086918354
莉華,2,2,0,f,0.044897086918354
莉緒,2,2,0,f,0.044897086918354
莉穂,3,3,0,f,0.00951321329921484
颯希,5,1,4,b,0.712765634059906
颯月,2,2,0,f,0.044897086918354
颯太,15,0,15,m,0.0281065888702869
凜,5,4,1,f,0.00837027933448553
凜花,2,2,0,f,0.044897086918354
凜香,2,2,0,f,0.044897086918354
