あい,7,7,0,f,1.917624E-05
アイ子,2,2,0,f,0.04489709
あおい,4,4,0,f,0.002015748
あかね,11,11,0,f,3.865448E-08
あかり,9,9,0,f,8.609575E-07
あき,4,4,0,f,0.002015748
あきみ,2,2,0,f,0.04489709
あき子,5,5,0,f,0.0004271156
あけみ,9,9,0,f,8.609575E-07
あすか,10,10,0,f,1.824277E-07
あずさ,12,12,0,f,8.190473E-09
あずみ,4,4,0,f,0.002015748
あづさ,3,3,0,f,0.009513213
あつみ,2,2,0,f,0.04489709
あつ子,2,2,0,f,0.04489709
あや,4,4,0,f,0.002015748
あやか,2,2,0,f,0.04489709
あやめ,3,3,0,f,0.009513213
あゆみ,39,39,0,f,0.001
あゆ美,3,3,0,f,0.009513213
ありさ,2,2,0,f,0.04489709
いさ子,2,2,0,f,0.04489709
いずみ,6,6,0,f,9.050123E-05
いつか,2,2,0,f,0.04489709
いづみ,18,18,0,f,7.412479E-13
いつ子,2,2,0,f,0.04489709
えみり,2,2,0,f,0.04489709
エリカ,2,2,0,f,0.04489709
えりか,5,5,0,f,0.0004271156
えりな,2,2,0,f,0.04489709
えり子,4,4,0,f,0.002015748
かおり,57,57,0,f,0.001
かおる,12,11,1,f,3.737586E-07
かすみ,5,5,0,f,0.0004271156
かなみ,2,2,0,f,0.04489709
かな子,2,2,0,f,0.04489709
かほり,3,3,0,f,0.009513213
かほる,4,4,0,f,0.002015748
かよ,2,2,0,f,0.04489709
かをり,4,4,0,f,0.002015748
きよの,2,2,0,f,0.04489709
キヨミ,2,2,0,f,0.04489709
きよみ,3,3,0,f,0.009513213
くみ,2,2,0,f,0.04489709
くるみ,4,4,0,f,0.002015748
ケイ,2,2,0,f,0.04489709
けい,2,2,0,f,0.04489709
けい子,2,2,0,f,0.04489709
こころ,4,4,0,f,0.002015748
こずえ,7,7,0,f,1.917624E-05
こず恵,3,3,0,f,0.009513213
さおり,24,24,0,f,0.001
さくら,16,16,0,f,1.650993E-11
さつき,12,12,0,f,8.190473E-09
さとみ,12,12,0,f,8.190473E-09
さと子,5,5,0,f,0.0004271156
さなえ,3,3,0,f,0.009513213
さやか,20,20,0,f,3.327987E-14
さや香,3,3,0,f,0.009513213
サユリ,2,2,0,f,0.04489709
さゆり,20,20,0,f,3.327987E-14
さよ子,2,2,0,f,0.04489709
しおり,3,3,0,f,0.009513213
しずか,2,2,0,f,0.04489709
しのぶ,21,21,0,f,7.051649E-15
しほり,2,2,0,f,0.04489709
すみえ,2,2,0,f,0.04489709
すみれ,6,6,0,f,9.050123E-05
せき子,2,2,0,f,0.04489709
そら,2,2,0,f,0.04489709
たか子,2,2,0,f,0.04489709
たつ江,2,2,0,f,0.04489709
たづ子,2,2,0,f,0.04489709
たまき,3,3,0,f,0.009513213
ちあき,3,3,0,f,0.009513213
ちえ,2,2,0,f,0.04489709
ちか,3,3,0,f,0.009513213
ちとせ,4,4,0,f,0.002015748
ちなみ,2,2,0,f,0.04489709
ちはる,3,3,0,f,0.009513213
ちひろ,12,12,0,f,8.190473E-09
ちほ,2,2,0,f,0.04489709
つぐみ,5,5,0,f,0.0004271156
てるみ,3,3,0,f,0.009513213
としみ,2,2,0,f,0.04489709
とし子,5,5,0,f,0.0004271156
ともみ,5,5,0,f,0.0004271156
トモ子,3,3,0,f,0.009513213
とも子,8,8,0,f,4.063242E-06
ナオミ,2,2,0,f,0.04489709
なおみ,4,4,0,f,0.002015748
なお子,3,3,0,f,0.009513213
なぎさ,6,6,0,f,9.050123E-05
なつみ,3,3,0,f,0.009513213
なつ美,3,3,0,f,0.009513213
なる美,2,2,0,f,0.04489709
のぞみ,10,10,0,f,1.824277E-07
のり子,9,9,0,f,8.609575E-07
はづき,4,4,0,f,0.002015748
はな,2,2,0,f,0.04489709
はるか,5,5,0,f,0.0004271156
はるな,4,4,0,f,0.002015748
はるみ,6,6,0,f,9.050123E-05
ひかり,6,6,0,f,9.050123E-05
ひかる,8,8,0,f,4.063242E-06
ひづる,2,2,0,f,0.04489709
ひとみ,49,49,0,f,0.001
ひな,3,3,0,f,0.009513213
ひろみ,31,31,0,f,0.001
ヒロ子,2,2,0,f,0.04489709
ひろ子,3,3,0,f,0.009513213
ひろ美,3,3,0,f,0.009513213
ふみ,4,4,0,f,0.002015748
ふみえ,2,2,0,f,0.04489709
ほのか,4,4,0,f,0.002015748
マキ,2,2,0,f,0.04489709
まき子,3,3,0,f,0.009513213
まさみ,5,4,1,f,0.008370279
まさ子,3,3,0,f,0.009513213
まさ美,2,2,0,f,0.04489709
ますみ,8,8,0,f,4.063242E-06
まち子,2,2,0,f,0.04489709
まどか,8,8,0,f,4.063242E-06
まなみ,3,3,0,f,0.009513213
まみ,2,2,0,f,0.04489709
まや,4,4,0,f,0.002015748
まゆ,3,3,0,f,0.009513213
まゆみ,30,30,0,f,0.001
まり,7,7,0,f,1.917624E-05
まりえ,2,2,0,f,0.04489709
マリ子,4,4,0,f,0.002015748
まり子,7,7,0,f,1.917624E-05
みか,4,4,0,f,0.002015748
ミキ,3,3,0,f,0.009513213
みき,7,7,0,f,1.917624E-05
みさき,5,5,0,f,0.0004271156
みさと,2,2,0,f,0.04489709
みさ子,4,4,0,f,0.002015748
みずき,5,5,0,f,0.0004271156
みずほ,7,7,0,f,1.917624E-05
みちる,5,5,0,f,0.0004271156
みち子,2,2,0,f,0.04489709
みち代,2,2,0,f,0.04489709
みづき,2,2,0,f,0.04489709
みつ子,2,2,0,f,0.04489709
みどり,44,44,0,f,0.001
みなみ,4,4,0,f,0.002015748
みのり,12,12,0,f,8.190473E-09
みゆき,40,40,0,f,0.001
むつみ,4,4,0,f,0.002015748
めぐみ,59,59,0,f,0.001
ももこ,3,3,0,f,0.009513213
やす子,4,4,0,f,0.002015748
やよい,7,7,0,f,1.917624E-05
ゆい,2,2,0,f,0.04489709
ゆうこ,2,2,0,f,0.04489709
ゆう子,5,5,0,f,0.0004271156
ゆか,9,9,0,f,8.609575E-07
ゆかり,54,54,0,f,0.001
ゆき,6,6,0,f,9.050123E-05
ユミ,3,3,0,f,0.009513213
ゆみ,7,7,0,f,1.917624E-05
ゆみ子,2,2,0,f,0.04489709
ユリ,2,2,0,f,0.04489709
ゆり,6,6,0,f,9.050123E-05
ゆりえ,4,4,0,f,0.002015748
ゆり子,4,4,0,f,0.002015748
ようこ,2,2,0,f,0.04489709
よしみ,2,2,0,f,0.04489709
よし子,2,2,0,f,0.04489709
りえ,2,2,0,f,0.04489709
リカ,4,4,0,f,0.002015748
りか,3,3,0,f,0.009513213
りさ,2,2,0,f,0.04489709
りつ子,2,2,0,f,0.04489709
るな,2,2,0,f,0.04489709
ルミ,4,4,0,f,0.002015748
るみ,3,3,0,f,0.009513213
ルミ子,6,6,0,f,9.050123E-05
るみ子,7,7,0,f,1.917624E-05
るり子,2,2,0,f,0.04489709
レイ子,2,2,0,f,0.04489709
れい子,2,2,0,f,0.04489709
亜衣,4,4,0,f,0.002015748
亜衣子,2,2,0,f,0.04489709
亜希,11,11,0,f,3.865448E-08
亜希子,40,40,0,f,0.001
亜季,5,5,0,f,0.0004271156
亜紀,24,24,0,f,0.001
亜紀子,25,25,0,f,0.001
亜貴子,2,2,0,f,0.04489709
亜弓,4,4,0,f,0.002015748
亜沙美,4,4,0,f,0.002015748
亜子,5,5,0,f,0.0004271156
亜樹,4,3,1,f,0.03200561
亜純,2,2,0,f,0.04489709
亜美,12,12,0,f,8.190473E-09
亜美花,2,2,0,f,0.04489709
亜耶,4,4,0,f,0.002015748
亜弥,7,7,0,f,1.917624E-05
亜矢,5,5,0,f,0.0004271156
亜矢子,14,14,0,f,3.677284E-10
亜由子,2,2,0,f,0.04489709
亜由美,9,9,0,f,8.609575E-07
亜夕美,2,2,0,f,0.04489709
亜里沙,2,2,0,f,0.04489709
愛,72,71,1,f,0.001
愛依,2,2,0,f,0.04489709
愛佳,2,2,0,f,0.04489709
愛花,3,3,0,f,0.009513213
愛華,3,3,0,f,0.009513213
愛結,2,2,0,f,0.04489709
愛香,2,2,0,f,0.04489709
愛菜,2,2,0,f,0.04489709
愛子,33,33,0,f,0.001
愛実,5,5,0,f,0.0004271156
愛奈,2,2,0,f,0.04489709
愛乃,2,2,0,f,0.04489709
愛美,21,21,0,f,7.051649E-15
愛梨,4,4,0,f,0.002015748
愛理,6,6,0,f,9.050123E-05
愛里,3,3,0,f,0.009513213
愛莉,5,5,0,f,0.0004271156
葵,28,19,9,f,0.001
葵衣,2,2,0,f,0.04489709
茜,27,27,0,f,0.001
梓,20,18,2,f,8.998545E-11
絢香,2,2,0,f,0.04489709
絢子,9,9,0,f,8.609575E-07
綾,30,29,1,f,0.001
綾音,3,3,0,f,0.009513213
綾佳,3,3,0,f,0.009513213
綾花,2,2,0,f,0.04489709
綾香,21,21,0,f,7.051649E-15
綾子,57,57,0,f,0.001
綾乃,18,18,0,f,7.412479E-13
鮎子,2,2,0,f,0.04489709
鮎美,4,4,0,f,0.002015748
安希子,4,4,0,f,0.002015748
安江,2,2,0,f,0.04489709
安子,5,5,0,f,0.0004271156
安代,5,5,0,f,0.0004271156
安奈,3,3,0,f,0.009513213
杏,2,2,0,f,0.04489709
杏菜,4,4,0,f,0.002015748
杏樹,2,2,0,f,0.04489709
杏奈,13,13,0,f,1.735474E-09
伊津子,2,2,0,f,0.04489709
伊都子,2,2,0,f,0.04489709
依子,5,5,0,f,0.0004271156
依里,3,3,0,f,0.009513213
育子,17,17,0,f,3.498278E-12
育代,12,12,0,f,8.190473E-09
育美,9,9,0,f,8.609575E-07
郁佳,2,2,0,f,0.04489709
郁恵,4,4,0,f,0.002015748
郁江,3,3,0,f,0.009513213
郁子,31,31,0,f,0.001
郁枝,2,2,0,f,0.04489709
郁代,4,4,0,f,0.002015748
郁美,6,6,0,f,9.050123E-05
郁夫,19,0,19,m,0.01084319
一,49,0,49,m,0.001
一喜,13,0,13,m,0.04525158
一貴,29,0,29,m,0.006
一輝,24,0,24,m,0.012
一恵,13,13,0,f,1.735474E-09
一宏,13,0,13,m,0.04525158
一幸,21,0,21,m,0.006734904
一弘,30,0,30,m,0.005
一浩,21,0,21,m,0.006734904
一行,13,0,13,m,0.04525158
一子,3,3,0,f,0.009513213
一志,18,0,18,m,0.01375846
一枝,4,4,0,f,0.002015748
一樹,51,0,51,m,0.001
一真,23,0,23,m,0.004183173
一人,15,0,15,m,0.02810659
一仁,17,0,17,m,0.01745752
一成,59,0,59,m,0.001
一生,14,0,14,m,0.03566325
一代,2,2,0,f,0.04489709
一男,31,0,31,m,0.005
一徳,22,0,22,m,0.005307849
一馬,15,0,15,m,0.02810659
一博,29,0,29,m,0.006
一美,30,19,11,f,0.001
一彦,46,0,46,m,0.001
一夫,44,0,44,m,0.001
一平,29,0,29,m,0.006
一也,49,0,49,m,0.001
一雄,35,0,35,m,0.003
一葉,5,4,1,f,0.008370279
一朗,19,0,19,m,0.01084319
一郎,84,0,84,m,0.001
逸子,3,3,0,f,0.009513213
逸美,3,3,0,f,0.009513213
稲子,2,2,0,f,0.04489709
映,2,2,0,f,0.04489709
映子,4,4,0,f,0.002015748
映美,2,2,0,f,0.04489709
栄,21,0,21,m,0.006734904
栄一,45,0,45,m,0.001
栄司,13,0,13,m,0.04525158
栄子,22,22,0,f,1.494169E-15
栄治,39,0,39,m,0.002
栄二,25,0,25,m,0.01
栄美,2,2,0,f,0.04489709
栄美子,2,2,0,f,0.04489709
栄里,4,4,0,f,0.002015748
永子,5,5,0,f,0.0004271156
瑛子,3,3,0,f,0.009513213
瑛美,4,4,0,f,0.002015748
英一,39,0,39,m,0.002
英紀,15,0,15,m,0.02810659
英幸,24,0,24,m,0.012
英行,13,0,13,m,0.04525158
英司,37,0,37,m,0.003
英子,26,26,0,f,0.001
英次,13,0,13,m,0.04525158
英治,48,0,48,m,0.001
英樹,149,0,149,m,0.001
英俊,27,0,27,m,0.008
英昭,20,0,20,m,0.008545632
英人,18,0,18,m,0.01375846
英生,19,0,19,m,0.01084319
英男,18,0,18,m,0.01375846
英二,41,0,41,m,0.001
英之,49,0,49,m,0.001
英美,11,7,4,f,0.002800546
英美子,4,4,0,f,0.002015748
英彦,16,0,16,m,0.0221511
英夫,25,0,25,m,0.01
英明,78,0,78,m,0.001
英雄,49,0,49,m,0.001
英理,3,3,0,f,0.009513213
英里,7,7,0,f,1.917624E-05
英里香,2,2,0,f,0.04489709
英里子,2,2,0,f,0.04489709
英和,13,0,13,m,0.04525158
衛,30,0,30,m,0.005
詠子,5,5,0,f,0.0004271156
悦子,76,76,0,f,0.001
悦代,6,6,0,f,9.050123E-05
円,13,9,4,f,0.0002649834
円佳,2,2,0,f,0.04489709
円香,3,3,0,f,0.009513213
園子,5,5,0,f,0.0004271156
園代,2,2,0,f,0.04489709
園美,3,3,0,f,0.009513213
延代,2,2,0,f,0.04489709
縁,2,2,0,f,0.04489709
温子,13,13,0,f,1.735474E-09
音々,2,2,0,f,0.04489709
佳恵,8,8,0,f,4.063242E-06
佳宏,13,0,13,m,0.04525158
佳江,5,5,0,f,0.0004271156
佳菜,3,3,0,f,0.009513213
佳菜子,2,2,0,f,0.04489709
佳子,80,80,0,f,0.001
佳寿子,2,2,0,f,0.04489709
佳寿美,2,2,0,f,0.04489709
佳織,8,8,0,f,4.063242E-06
佳澄,4,3,1,f,0.03200561
佳世,6,6,0,f,9.050123E-05
佳世子,6,6,0,f,9.050123E-05
佳代,29,29,0,f,0.001
佳代子,30,30,0,f,0.001
佳奈,26,26,0,f,0.001
佳奈子,13,13,0,f,1.735474E-09
佳奈美,2,2,0,f,0.04489709
佳那,6,6,0,f,9.050123E-05
佳乃,2,2,0,f,0.04489709
佳美,11,10,1,f,1.62016E-06
佳苗,6,6,0,f,9.050123E-05
佳名恵,2,2,0,f,0.04489709
佳名子,2,2,0,f,0.04489709
佳祐,13,0,13,m,0.04525158
佳与,2,2,0,f,0.04489709
加恵,2,2,0,f,0.04489709
加寿子,4,4,0,f,0.002015748
加織,2,2,0,f,0.04489709
加代,5,5,0,f,0.0004271156
加代子,15,15,0,f,7.791771E-11
加奈,11,11,0,f,3.865448E-08
加奈絵,2,2,0,f,0.04489709
加奈子,30,30,0,f,0.001
可奈,3,3,0,f,0.009513213
可奈子,5,5,0,f,0.0004271156
可南子,5,5,0,f,0.0004271156
嘉子,7,7,0,f,1.917624E-05
嘉代,3,3,0,f,0.009513213
嘉代子,2,2,0,f,0.04489709
嘉之,13,0,13,m,0.04525158
夏海,6,5,1,f,0.002110187
夏希,8,7,1,f,0.0001249673
夏紀,3,3,0,f,0.009513213
夏菜,2,2,0,f,0.04489709
夏子,7,7,0,f,1.917624E-05
夏実,2,2,0,f,0.04489709
夏代,4,4,0,f,0.002015748
夏奈,2,2,0,f,0.04489709
夏帆,2,2,0,f,0.04489709
夏妃,2,2,0,f,0.04489709
夏美,7,7,0,f,1.917624E-05
夏未,2,2,0,f,0.04489709
果奈,3,3,0,f,0.009513213
果穂,2,2,0,f,0.04489709
果林,3,3,0,f,0.009513213
花,2,2,0,f,0.04489709
花音,7,7,0,f,1.917624E-05
花菜,3,3,0,f,0.009513213
花子,2,2,0,f,0.04489709
花織,2,2,0,f,0.04489709
花奈,3,3,0,f,0.009513213
花乃,2,2,0,f,0.04489709
花怜,2,2,0,f,0.04489709
華,6,6,0,f,9.050123E-05
華菜,2,2,0,f,0.04489709
華子,8,8,0,f,4.063242E-06
華奈,2,2,0,f,0.04489709
華奈子,2,2,0,f,0.04489709
華苗,2,2,0,f,0.04489709
華穂,2,2,0,f,0.04489709
芽以,2,2,0,f,0.04489709
芽衣,5,5,0,f,0.0004271156
芽子,2,2,0,f,0.04489709
芽生,3,3,0,f,0.009513213
賀子,8,8,0,f,4.063242E-06
賀代,2,2,0,f,0.04489709
雅一,21,0,21,m,0.006734904
雅恵,6,6,0,f,9.050123E-05
雅幸,16,0,16,m,0.0221511
雅弘,29,0,29,m,0.006
雅浩,13,0,13,m,0.04525158
雅行,16,0,16,m,0.0221511
雅司,16,0,16,m,0.0221511
雅史,46,0,46,m,0.001
雅子,59,59,0,f,0.001
雅枝,2,2,0,f,0.04489709
雅樹,33,0,33,m,0.004
雅俊,30,0,30,m,0.005
雅章,17,0,17,m,0.01745752
雅人,69,0,69,m,0.001
雅仁,15,0,15,m,0.02810659
雅世,3,3,0,f,0.009513213
雅則,15,0,15,m,0.02810659
雅代,19,19,0,f,1.570625E-13
雅之,89,0,89,m,0.001
雅博,27,0,27,m,0.008
雅美,33,24,9,f,0.001
雅彦,73,0,73,m,0.001
雅敏,14,0,14,m,0.03566325
雅夫,17,0,17,m,0.01745752
雅文,26,0,26,m,0.009
雅明,16,0,16,m,0.0221511
雅也,52,0,52,m,0.001
雅裕,16,0,16,m,0.0221511
絵美,20,20,0,f,3.327987E-14
絵美子,5,5,0,f,0.0004271156
絵梨,3,3,0,f,0.009513213
絵梨子,3,3,0,f,0.009513213
絵理,7,7,0,f,1.917624E-05
絵理香,3,3,0,f,0.009513213
絵理子,4,4,0,f,0.002015748
絵里,10,10,0,f,1.824277E-07
絵里佳,2,2,0,f,0.04489709
絵里加,2,2,0,f,0.04489709
絵里香,5,5,0,f,0.0004271156
絵里子,6,6,0,f,9.050123E-05
絵里奈,2,2,0,f,0.04489709
馨,21,1,20,m,0.0447602
馨子,2,2,0,f,0.04489709
格,14,0,14,m,0.03566325
覚,31,0,31,m,0.005
学,192,0,192,m,0.001
岳,26,0,26,m,0.009
岳史,14,0,14,m,0.03566325
叶恵,2,2,0,f,0.04489709
寛,93,0,93,m,0.001
寛子,22,22,0,f,1.494169E-15
寛人,14,0,14,m,0.03566325
寛之,51,0,51,m,0.001
寛美,4,3,1,f,0.03200561
幹夫,24,0,24,m,0.012
幹雄,22,0,22,m,0.005307849
環美,2,2,0,f,0.04489709
巌,18,0,18,m,0.01375846
喜一,13,0,13,m,0.04525158
喜久江,2,2,0,f,0.04489709
喜久子,3,3,0,f,0.009513213
喜久美,2,2,0,f,0.04489709
喜子,4,4,0,f,0.002015748
喜代子,4,4,0,f,0.002015748
喜代美,7,7,0,f,1.917624E-05
喜美子,8,8,0,f,4.063242E-06
喜美代,2,2,0,f,0.04489709
基,21,0,21,m,0.006734904
希,13,11,2,f,1.958354E-06
希実,3,3,0,f,0.009513213
希代子,2,2,0,f,0.04489709
希美,3,3,0,f,0.009513213
希望,8,6,2,f,0.001698903
幾子,3,3,0,f,0.009513213
毅,117,0,117,m,0.001
紀久子,2,2,0,f,0.04489709
紀子,75,75,0,f,0.001
紀美江,2,2,0,f,0.04489709
紀美子,2,2,0,f,0.04489709
紀美代,2,2,0,f,0.04489709
紀彦,14,0,14,m,0.03566325
紀夫,15,0,15,m,0.02810659
規子,7,7,0,f,1.917624E-05
記子,2,2,0,f,0.04489709
記代美,2,2,0,f,0.04489709
貴,24,0,24,m,0.012
貴紀,14,0,14,m,0.03566325
貴久,18,0,18,m,0.01375846
貴光,13,0,13,m,0.04525158
貴宏,17,0,17,m,0.01745752
貴幸,15,0,15,m,0.02810659
貴広,14,0,14,m,0.03566325
貴弘,24,0,24,m,0.012
貴浩,17,0,17,m,0.01745752
貴行,16,0,16,m,0.0221511
貴司,25,0,25,m,0.01
貴史,59,0,59,m,0.001
貴士,20,0,20,m,0.008545632
貴子,66,66,0,f,0.001
貴志,60,0,60,m,0.001
貴代,3,3,0,f,0.009513213
貴代美,2,2,0,f,0.04489709
貴大,44,0,44,m,0.001
貴之,104,0,104,m,0.001
貴博,35,0,35,m,0.003
貴美,2,2,0,f,0.04489709
貴美子,16,16,0,f,1.650993E-11
貴美代,3,3,0,f,0.009513213
貴彦,24,0,24,m,0.012
貴文,20,0,20,m,0.008545632
貴野,2,2,0,f,0.04489709
貴裕,33,0,33,m,0.004
貴洋,13,0,13,m,0.04525158
輝,37,0,37,m,0.003
輝久,14,0,14,m,0.03566325
輝子,5,5,0,f,0.0004271156
輝美,12,10,2,f,7.852167E-06
輝彦,13,0,13,m,0.04525158
宜子,2,2,0,f,0.04489709
義一,21,0,21,m,0.006734904
義久,18,0,18,m,0.01375846
義孝,17,0,17,m,0.01745752
義幸,16,0,16,m,0.0221511
義弘,20,0,20,m,0.008545632
義子,3,3,0,f,0.009513213
義治,22,0,22,m,0.005307849
義昭,17,0,17,m,0.01745752
義信,19,0,19,m,0.01084319
義人,29,0,29,m,0.006
義仁,15,0,15,m,0.02810659
義則,24,0,24,m,0.012
義典,13,0,13,m,0.04525158
義之,31,0,31,m,0.005
義彦,23,0,23,m,0.004183173
義明,37,0,37,m,0.003
義雄,17,0,17,m,0.01745752
義隆,18,0,18,m,0.01375846
義和,22,0,22,m,0.005307849
菊江,2,2,0,f,0.04489709
菊子,2,2,0,f,0.04489709
久,29,0,29,m,0.006
久恵,6,6,0,f,9.050123E-05
久江,2,2,0,f,0.04489709
久子,20,20,0,f,3.327987E-14
久枝,3,3,0,f,0.009513213
久実子,2,2,0,f,0.04489709
久仁子,5,5,0,f,0.0004271156
久代,5,5,0,f,0.0004271156
久美,48,46,2,f,0.001
久美恵,2,2,0,f,0.04489709
久美子,131,131,0,f,0.001
久夫,14,0,14,m,0.03566325
久雄,21,0,21,m,0.006734904
久留美,3,3,0,f,0.009513213
弓子,10,10,0,f,1.824277E-07
弓枝,2,2,0,f,0.04489709
亨,69,0,69,m,0.001
享,16,0,16,m,0.0221511
享子,7,7,0,f,1.917624E-05
京,4,3,1,f,0.03200561
京華,2,2,0,f,0.04489709
京子,71,71,0,f,0.001
共子,3,3,0,f,0.009513213
匡,14,0,14,m,0.03566325
強,22,0,22,m,0.005307849
恭一,13,0,13,m,0.04525158
恭佳,2,2,0,f,0.04489709
恭子,70,70,0,f,0.001
恭代,3,3,0,f,0.009513213
恭平,39,0,39,m,0.002
教子,8,8,0,f,4.063242E-06
郷子,3,3,0,f,0.009513213
響子,2,2,0,f,0.04489709
暁子,22,22,0,f,1.494169E-15
暁美,4,4,0,f,0.002015748
玉枝,2,2,0,f,0.04489709
均,59,0,59,m,0.001
欣也,15,0,15,m,0.02810659
琴,2,2,0,f,0.04489709
琴音,2,2,0,f,0.04489709
琴海,2,2,0,f,0.04489709
琴江,2,2,0,f,0.04489709
琴乃,5,5,0,f,0.0004271156
琴美,3,3,0,f,0.009513213
勲,58,0,58,m,0.001
君子,4,4,0,f,0.002015748
君枝,3,3,0,f,0.009513213
君代,3,3,0,f,0.009513213
薫,133,52,81,m,0.001
薫子,4,4,0,f,0.002015748
啓,44,0,44,m,0.001
啓一,14,0,14,m,0.03566325
啓介,57,0,57,m,0.001
啓司,17,0,17,m,0.01745752
啓史,13,0,13,m,0.04525158
啓子,32,32,0,f,0.001
啓太,43,0,43,m,0.001
啓二,16,0,16,m,0.0221511
啓之,19,0,19,m,0.01084319
啓輔,14,0,14,m,0.03566325
圭,50,3,47,m,0.009
圭一,27,0,27,m,0.008
圭介,49,0,49,m,0.001
圭吾,23,0,23,m,0.004183173
圭司,21,0,21,m,0.006734904
圭子,39,39,0,f,0.001
圭織,2,2,0,f,0.04489709
圭太,20,0,20,m,0.008545632
圭美,4,4,0,f,0.002015748
圭佑,14,0,14,m,0.03566325
圭祐,31,0,31,m,0.005
恵,106,90,16,f,0.001
恵愛,2,2,0,f,0.04489709
恵一,26,0,26,m,0.009
恵介,14,0,14,m,0.03566325
恵子,126,126,0,f,0.001
恵実,6,6,0,f,9.050123E-05
恵実子,2,2,0,f,0.04489709
恵太,15,0,15,m,0.02810659
恵津子,6,6,0,f,9.050123E-05
恵美,66,66,0,f,0.001
恵美子,55,55,0,f,0.001
恵巳子,2,2,0,f,0.04489709
恵利,4,4,0,f,0.002015748
恵利加,2,2,0,f,0.04489709
恵利香,2,2,0,f,0.04489709
恵利子,3,3,0,f,0.009513213
恵利奈,2,2,0,f,0.04489709
恵梨歌,2,2,0,f,0.04489709
恵梨子,2,2,0,f,0.04489709
恵理,17,17,0,f,3.498278E-12
恵理菜,2,2,0,f,0.04489709
恵理子,17,17,0,f,3.498278E-12
恵里,11,11,0,f,3.865448E-08
恵里香,4,4,0,f,0.002015748
恵里子,5,5,0,f,0.0004271156
慶,25,0,25,m,0.01
慶一,20,0,20,m,0.008545632
慶子,24,24,0,f,0.001
慶太,24,0,24,m,0.012
慧,22,0,22,m,0.005307849
敬,49,1,48,m,0.002
敬介,18,0,18,m,0.01375846
敬三,14,0,14,m,0.03566325
敬子,39,39,0,f,0.001
敬二,15,0,15,m,0.02810659
景子,23,23,0,f,3.165985E-16
桂子,33,33,0,f,0.001
潔,44,0,44,m,0.001
結,7,7,0,f,1.917624E-05
結衣,7,7,0,f,1.917624E-05
結佳,2,2,0,f,0.04489709
結花,5,5,0,f,0.0004271156
結希,2,2,0,f,0.04489709
結香,4,4,0,f,0.002015748
結菜,8,8,0,f,4.063242E-06
結子,3,3,0,f,0.009513213
健,210,0,210,m,0.001
健一,208,0,208,m,0.001
健一郎,57,0,57,m,0.001
健介,30,0,30,m,0.005
健吾,26,0,26,m,0.009
健作,15,0,15,m,0.02810659
健司,89,0,89,m,0.001
健史,34,0,34,m,0.003
健志,31,0,31,m,0.005
健児,14,0,14,m,0.03566325
健次,40,0,40,m,0.002
健治,74,0,74,m,0.001
健人,36,0,36,m,0.003
健太,139,0,139,m,0.001
健太郎,133,0,133,m,0.001
健二,142,0,142,m,0.001
憲,14,0,14,m,0.03566325
憲一,43,0,43,m,0.001
憲司,36,0,36,m,0.003
憲子,9,9,0,f,8.609575E-07
憲治,23,0,23,m,0.004183173
憲二,18,0,18,m,0.01375846
憲彦,15,0,15,m,0.02810659
憲明,13,0,13,m,0.04525158
研一,14,0,14,m,0.03566325
絹子,5,5,0,f,0.0004271156
絹代,5,5,0,f,0.0004271156
謙,14,0,14,m,0.03566325
謙一,47,0,47,m,0.001
謙太郎,14,0,14,m,0.03566325
謙二,19,0,19,m,0.01084319
賢,54,0,54,m,0.001
賢一,92,0,92,m,0.001
賢一郎,16,0,16,m,0.0221511
賢吾,16,0,16,m,0.0221511
賢司,35,0,35,m,0.003
賢志,22,0,22,m,0.005307849
賢治,81,0,81,m,0.001
賢太郎,14,0,14,m,0.03566325
賢二,58,0,58,m,0.001
顕,16,0,16,m,0.0221511
顕子,5,5,0,f,0.0004271156
元,52,0,52,m,0.001
元気,16,0,16,m,0.0221511
元子,5,5,0,f,0.0004271156
元美,5,5,0,f,0.0004271156
胡桃,4,4,0,f,0.002015748
五月,11,8,3,f,0.0003592164
悟,104,0,104,m,0.001
悟史,20,0,20,m,0.008545632
護,15,0,15,m,0.02810659
光一,37,0,37,m,0.003
光恵,2,2,0,f,0.04489709
光宏,13,0,13,m,0.04525158
光弘,22,0,22,m,0.005307849
光江,3,3,0,f,0.009513213
光司,23,0,23,m,0.004183173
光子,17,17,0,f,3.498278E-12
光枝,4,4,0,f,0.002015748
光代,18,18,0,f,7.412479E-13
光男,30,0,30,m,0.005
光彦,21,0,21,m,0.006734904
光夫,21,0,21,m,0.006734904
光穂,4,4,0,f,0.002015748
光雄,18,0,18,m,0.01375846
公一,28,0,28,m,0.007
公江,2,2,0,f,0.04489709
公子,19,19,0,f,1.570625E-13
公代,4,4,0,f,0.002015748
公美子,3,3,0,f,0.009513213
功,79,0,79,m,0.001
功一,19,0,19,m,0.01084319
厚,26,0,26,m,0.009
厚子,10,10,0,f,1.824277E-07
厚志,20,0,20,m,0.008545632
好永,2,2,0,f,0.04489709
好江,6,6,0,f,9.050123E-05
好子,6,6,0,f,9.050123E-05
好美,15,13,2,f,1.176082E-07
孝,107,0,107,m,0.001
孝一,47,0,47,m,0.001
孝幸,37,0,37,m,0.003
孝弘,15,0,15,m,0.02810659
孝行,38,0,38,m,0.002
孝司,26,0,26,m,0.009
孝史,15,0,15,m,0.02810659
孝子,22,22,0,f,1.494169E-15
孝志,41,0,41,m,0.001
孝枝,3,3,0,f,0.009513213
孝治,23,0,23,m,0.004183173
孝則,15,0,15,m,0.02810659
孝典,17,0,17,m,0.01745752
孝二,13,0,13,m,0.04525158
孝之,45,0,45,m,0.001
孝夫,18,0,18,m,0.01375846
孝文,22,0,22,m,0.005307849
孝明,22,0,22,m,0.005307849
孝雄,22,0,22,m,0.005307849
宏,116,0,116,m,0.001
宏一,26,0,26,m,0.009
宏幸,37,0,37,m,0.003
宏江,2,2,0,f,0.04489709
宏行,27,0,27,m,0.008
宏司,16,0,16,m,0.0221511
宏子,12,12,0,f,8.190473E-09
宏治,13,0,13,m,0.04525158
宏樹,46,0,46,m,0.001
宏昭,18,0,18,m,0.01375846
宏之,51,0,51,m,0.001
宏美,25,24,1,f,0.001
宏明,45,0,45,m,0.001
宏和,24,0,24,m,0.012
巧,49,0,49,m,0.001
幸,13,10,3,f,2.749821E-05
幸一,76,0,76,m,0.001
幸一郎,13,0,13,m,0.04525158
幸栄,2,2,0,f,0.04489709
幸佳,2,2,0,f,0.04489709
幸絵,3,3,0,f,0.009513213
幸恵,33,33,0,f,0.001
幸宏,15,0,15,m,0.02810659
幸広,14,0,14,m,0.03566325
幸弘,22,0,22,m,0.005307849
幸江,12,12,0,f,8.190473E-09
幸司,77,0,77,m,0.001
幸子,116,116,0,f,0.001
幸枝,19,19,0,f,1.570625E-13
幸治,53,0,53,m,0.001
幸世,2,2,0,f,0.04489709
幸生,22,0,22,m,0.005307849
幸太郎,15,0,15,m,0.02810659
幸代,27,27,0,f,0.001
幸男,45,0,45,m,0.001
幸奈,4,4,0,f,0.002015748
幸二,24,0,24,m,0.012
幸乃,3,3,0,f,0.009513213
幸美,4,4,0,f,0.002015748
幸夫,40,0,40,m,0.002
幸平,16,0,16,m,0.0221511
幸穂,3,3,0,f,0.009513213
幸雄,50,0,50,m,0.001
広,13,0,13,m,0.04525158
広幸,19,0,19,m,0.01084319
広行,16,0,16,m,0.0221511
広子,10,10,0,f,1.824277E-07
広志,24,0,24,m,0.012
広樹,24,0,24,m,0.012
広美,23,17,6,f,9.276969E-08
広明,15,0,15,m,0.02810659
康,35,0,35,m,0.003
康一,17,0,17,m,0.01745752
康介,19,0,19,m,0.01084319
康宏,24,0,24,m,0.012
康広,17,0,17,m,0.01745752
康弘,78,0,78,m,0.001
康浩,31,0,31,m,0.005
康行,21,0,21,m,0.006734904
康司,23,0,23,m,0.004183173
康史,17,0,17,m,0.01745752
康子,30,30,0,f,0.001
康治,16,0,16,m,0.0221511
康人,15,0,15,m,0.02810659
康成,13,0,13,m,0.04525158
康晴,19,0,19,m,0.01084319
康生,17,0,17,m,0.01745752
康太,15,0,15,m,0.02810659
康代,9,9,0,f,8.609575E-07
康二,28,0,28,m,0.007
康之,50,0,50,m,0.001
康博,40,0,40,m,0.002
康彦,20,0,20,m,0.008545632
康夫,37,0,37,m,0.003
康文,14,0,14,m,0.03566325
康平,46,0,46,m,0.001
康裕,22,0,22,m,0.005307849
康雄,31,0,31,m,0.005
弘,66,0,66,m,0.001
弘一,25,0,25,m,0.01
弘恵,6,6,0,f,9.050123E-05
弘幸,49,0,49,m,0.001
弘行,23,0,23,m,0.004183173
弘子,43,43,0,f,0.001
弘志,21,0,21,m,0.006734904
弘枝,6,6,0,f,9.050123E-05
弘樹,57,0,57,m,0.001
弘道,13,0,13,m,0.04525158
弘之,38,0,38,m,0.002
弘美,48,41,7,f,0.001
弘明,31,0,31,m,0.005
弘和,15,0,15,m,0.02810659
恒,20,0,20,m,0.008545632
晃,110,0,110,m,0.001
晃一,35,0,35,m,0.003
晃弘,15,0,15,m,0.02810659
晃司,28,0,28,m,0.007
晃子,18,18,0,f,7.412479E-13
晃平,14,0,14,m,0.03566325
江身子,2,2,0,f,0.04489709
江美,3,3,0,f,0.009513213
江利子,2,2,0,f,0.04489709
江梨,3,3,0,f,0.009513213
江梨子,2,2,0,f,0.04489709
江理子,2,2,0,f,0.04489709
江里,3,3,0,f,0.009513213
江里佳,3,3,0,f,0.009513213
江里子,6,6,0,f,9.050123E-05
浩,186,0,186,m,0.001
浩一,136,0,136,m,0.001
浩一郎,18,0,18,m,0.01375846
浩貴,13,0,13,m,0.04525158
浩孝,16,0,16,m,0.0221511
浩幸,27,0,27,m,0.008
浩行,16,0,16,m,0.0221511
浩司,123,0,123,m,0.001
浩史,53,0,53,m,0.001
浩子,40,40,0,f,0.001
浩志,30,0,30,m,0.005
浩治,13,0,13,m,0.04525158
浩樹,24,0,24,m,0.012
浩章,16,0,16,m,0.0221511
浩太郎,13,0,13,m,0.04525158
浩二,149,0,149,m,0.001
浩之,97,0,97,m,0.001
浩美,26,21,5,f,0.001
浩平,41,0,41,m,0.001
浩明,23,0,23,m,0.004183173
紘子,4,4,0,f,0.002015748
紘美,2,2,0,f,0.04489709
耕一,31,0,31,m,0.005
耕司,21,0,21,m,0.006734904
耕治,20,0,20,m,0.008545632
耕太郎,13,0,13,m,0.04525158
耕平,39,0,39,m,0.002
航,41,0,41,m,0.001
航平,24,0,24,m,0.012
貢,27,0,27,m,0.008
香,37,32,5,f,0.001
香菜,4,4,0,f,0.002015748
香菜子,3,3,0,f,0.009513213
香子,7,7,0,f,1.917624E-05
香織,83,83,0,f,0.001
香澄,6,6,0,f,9.050123E-05
香代,7,7,0,f,1.917624E-05
香代子,11,11,0,f,3.865448E-08
香奈,6,6,0,f,9.050123E-05
香奈子,6,6,0,f,9.050123E-05
香奈美,2,2,0,f,0.04489709
香苗,6,6,0,f,9.050123E-05
香保里,2,2,0,f,0.04489709
香穂,3,3,0,f,0.009513213
香穂里,2,2,0,f,0.04489709
香里,13,13,0,f,1.735474E-09
高広,30,0,30,m,0.005
高弘,14,0,14,m,0.03566325
高志,44,0,44,m,0.001
剛,252,0,252,m,0.001
剛司,21,0,21,m,0.006734904
剛史,47,0,47,m,0.001
剛士,19,0,19,m,0.01084319
剛志,33,0,33,m,0.004
豪,35,0,35,m,0.003
克己,42,0,42,m,0.001
克幸,18,0,18,m,0.01375846
克哉,15,0,15,m,0.02810659
克子,5,5,0,f,0.0004271156
克典,18,0,18,m,0.01375846
克之,25,0,25,m,0.01
克彦,51,0,51,m,0.001
克巳,19,0,19,m,0.01084319
克明,14,0,14,m,0.03566325
克也,30,0,30,m,0.005
今日子,2,2,0,f,0.04489709
佐紀,3,3,0,f,0.009513213
佐恵子,2,2,0,f,0.04489709
佐江子,2,2,0,f,0.04489709
佐織,5,5,0,f,0.0004271156
佐千子,2,2,0,f,0.04489709
佐代子,6,6,0,f,9.050123E-05
佐知,2,2,0,f,0.04489709
佐知子,27,27,0,f,0.001
佐智子,6,6,0,f,9.050123E-05
佐和,3,3,0,f,0.009513213
佐和子,19,19,0,f,1.570625E-13
沙央里,2,2,0,f,0.04489709
沙季,2,2,0,f,0.04489709
沙紀,5,5,0,f,0.0004271156
沙貴,2,2,0,f,0.04489709
沙彩,3,3,0,f,0.009513213
沙樹,2,2,0,f,0.04489709
沙織,23,23,0,f,3.165985E-16
沙苗,2,2,0,f,0.04489709
沙也加,6,6,0,f,9.050123E-05
沙也香,3,3,0,f,0.009513213
沙弥香,4,4,0,f,0.002015748
沙友里,2,2,0,f,0.04489709
砂織,2,2,0,f,0.04489709
彩,37,37,0,f,0.001
彩音,3,3,0,f,0.009513213
彩佳,4,4,0,f,0.002015748
彩加,8,8,0,f,4.063242E-06
彩夏,8,8,0,f,4.063242E-06
彩歌,2,2,0,f,0.04489709
彩花,12,12,0,f,8.190473E-09
彩華,3,3,0,f,0.009513213
彩希,2,2,0,f,0.04489709
彩恵子,2,2,0,f,0.04489709
彩香,9,9,0,f,8.609575E-07
彩子,15,15,0,f,7.791771E-11
彩奈,2,2,0,f,0.04489709
彩乃,19,19,0,f,1.570625E-13
彩也香,2,2,0,f,0.04489709
彩葉,4,4,0,f,0.002015748
彩理,2,2,0,f,0.04489709
菜月,7,7,0,f,1.917624E-05
菜々子,6,6,0,f,9.050123E-05
菜々美,4,4,0,f,0.002015748
菜緒,3,3,0,f,0.009513213
菜生,2,2,0,f,0.04489709
菜津,2,2,0,f,0.04489709
菜津子,2,2,0,f,0.04489709
菜津美,2,2,0,f,0.04489709
菜摘,12,12,0,f,8.190473E-09
菜美,5,5,0,f,0.0004271156
菜穂,6,6,0,f,9.050123E-05
菜穂子,10,10,0,f,1.824277E-07
冴子,2,2,0,f,0.04489709
咲,4,4,0,f,0.002015748
咲希,8,8,0,f,4.063242E-06
咲季,2,2,0,f,0.04489709
咲紀,2,2,0,f,0.04489709
咲貴,3,3,0,f,0.009513213
咲輝,2,2,0,f,0.04489709
咲子,10,10,0,f,1.824277E-07
咲弥,2,2,0,f,0.04489709
桜,6,6,0,f,9.050123E-05
桜子,3,3,0,f,0.009513213
三季,2,2,0,f,0.04489709
三紀子,3,3,0,f,0.009513213
三貴子,2,2,0,f,0.04489709
三恵,2,2,0,f,0.04489709
三恵子,3,3,0,f,0.009513213
三枝子,5,5,0,f,0.0004271156
三千代,9,9,0,f,8.609575E-07
三知代,2,2,0,f,0.04489709
三智子,3,3,0,f,0.009513213
三津子,3,3,0,f,0.009513213
三奈,2,2,0,f,0.04489709
三奈子,4,4,0,f,0.002015748
三郎,13,0,13,m,0.04525158
三和,2,2,0,f,0.04489709
司,83,0,83,m,0.001
史絵,2,2,0,f,0.04489709
史恵,3,3,0,f,0.009513213
史江,3,3,0,f,0.009513213
史子,13,13,0,f,1.735474E-09
史織,4,4,0,f,0.002015748
史奈,2,2,0,f,0.04489709
史歩,2,2,0,f,0.04489709
史穂,2,2,0,f,0.04489709
史明,18,0,18,m,0.01375846
史朗,23,0,23,m,0.004183173
史郎,14,0,14,m,0.03566325
志織,7,7,0,f,1.917624E-05
志津,2,2,0,f,0.04489709
志津子,3,3,0,f,0.009513213
志乃,5,4,1,f,0.008370279
志帆,6,6,0,f,9.050123E-05
志保,25,25,0,f,0.001
志歩,2,2,0,f,0.04489709
志穂,10,10,0,f,1.824277E-07
志穂美,2,2,0,f,0.04489709
志野,4,4,0,f,0.002015748
枝理子,2,2,0,f,0.04489709
枝里,4,4,0,f,0.002015748
枝里子,3,3,0,f,0.009513213
糸美,2,2,0,f,0.04489709
紫,2,2,0,f,0.04489709
紫乃,3,3,0,f,0.009513213
詩織,8,8,0,f,4.063242E-06
詩乃,3,3,0,f,0.009513213
詩歩,4,4,0,f,0.002015748
慈子,2,2,0,f,0.04489709
次郎,20,0,20,m,0.008545632
滋,24,0,24,m,0.012
治,46,0,46,m,0.001
治子,7,7,0,f,1.917624E-05
治美,11,9,2,f,3.103177E-05
汐里,2,2,0,f,0.04489709
七海,8,8,0,f,4.063242E-06
七恵,2,2,0,f,0.04489709
七菜子,2,2,0,f,0.04489709
七瀬,2,2,0,f,0.04489709
七生,2,2,0,f,0.04489709
実,79,1,78,m,0.001
実花,2,2,0,f,0.04489709
実希,2,2,0,f,0.04489709
実季,2,2,0,f,0.04489709
実幸,2,2,0,f,0.04489709
実香,2,2,0,f,0.04489709
実佐子,3,3,0,f,0.009513213
実咲,3,3,0,f,0.009513213
実奈子,2,2,0,f,0.04489709
実穂,5,5,0,f,0.0004271156
実夢,3,3,0,f,0.009513213
紗央里,2,2,0,f,0.04489709
紗希,4,4,0,f,0.002015748
紗季,3,3,0,f,0.009513213
紗貴,2,2,0,f,0.04489709
紗香,2,2,0,f,0.04489709
紗彩,2,2,0,f,0.04489709
紗織,2,2,0,f,0.04489709
紗耶,3,3,0,f,0.009513213
紗矢,2,2,0,f,0.04489709
若菜,7,7,0,f,1.917624E-05
若子,2,2,0,f,0.04489709
若葉,2,2,0,f,0.04489709
守,71,0,71,m,0.001
朱音,5,5,0,f,0.0004271156
朱見,2,2,0,f,0.04489709
朱香,3,3,0,f,0.009513213
朱実,3,3,0,f,0.009513213
朱美,21,21,0,f,7.051649E-15
珠緒,3,3,0,f,0.009513213
珠代,5,5,0,f,0.0004271156
珠美,10,10,0,f,1.824277E-07
寿,25,0,25,m,0.01
寿一,14,0,14,m,0.03566325
寿恵,4,4,0,f,0.002015748
寿子,7,7,0,f,1.917624E-05
寿枝,2,2,0,f,0.04489709
寿代,2,2,0,f,0.04489709
寿美,13,11,2,f,1.958354E-06
寿美香,2,2,0,f,0.04489709
寿美子,13,13,0,f,1.735474E-09
寿美代,3,3,0,f,0.009513213
樹,24,1,23,m,0.043
樹里,2,2,0,f,0.04489709
周,17,0,17,m,0.01745752
周作,17,0,17,m,0.01745752
周子,8,8,0,f,4.063242E-06
周平,28,0,28,m,0.007
宗一郎,17,0,17,m,0.01745752
修,192,0,192,m,0.001
修一,88,0,88,m,0.001
修三,14,0,14,m,0.03566325
修司,29,0,29,m,0.006
修子,5,5,0,f,0.0004271156
修二,33,0,33,m,0.004
修平,50,0,50,m,0.001
秀一,66,0,66,m,0.001
秀紀,15,0,15,m,0.02810659
秀幸,50,0,50,m,0.001
秀行,25,0,25,m,0.01
秀司,13,0,13,m,0.04525158
秀子,18,18,0,f,7.412479E-13
秀治,15,0,15,m,0.02810659
秀樹,162,0,162,m,0.001
秀俊,16,0,16,m,0.0221511
秀昭,32,0,32,m,0.004
秀人,34,0,34,m,0.003
秀則,14,0,14,m,0.03566325
秀代,2,2,0,f,0.04489709
秀男,23,0,23,m,0.004183173
秀典,24,0,24,m,0.012
秀二,16,0,16,m,0.0221511
秀之,28,0,28,m,0.007
秀美,11,10,1,f,1.62016E-06
秀彦,13,0,13,m,0.04525158
秀夫,36,0,36,m,0.003
秀文,22,0,22,m,0.005307849
秀明,64,0,64,m,0.001
秀雄,33,0,33,m,0.004
秀和,47,0,47,m,0.001
秋子,2,2,0,f,0.04489709
充,57,1,56,m,0.001
充子,6,6,0,f,9.050123E-05
充代,2,2,0,f,0.04489709
重子,3,3,0,f,0.009513213
淑江,6,6,0,f,9.050123E-05
淑子,17,17,0,f,3.498278E-12
淑美,2,2,0,f,0.04489709
俊,34,1,33,m,0.01
俊一,51,0,51,m,0.001
俊介,67,0,67,m,0.001
俊恵,2,2,0,f,0.04489709
俊宏,14,0,14,m,0.03566325
俊幸,26,0,26,m,0.009
俊行,26,0,26,m,0.009
俊哉,30,0,30,m,0.005
俊子,10,10,0,f,1.824277E-07
俊治,15,0,15,m,0.02810659
俊樹,20,0,20,m,0.008545632
俊二,27,0,27,m,0.008
俊之,45,0,45,m,0.001
俊博,17,0,17,m,0.01745752
俊彦,57,0,57,m,0.001
俊夫,20,0,20,m,0.008545632
俊文,17,0,17,m,0.01745752
俊輔,43,0,43,m,0.001
俊明,46,0,46,m,0.001
俊也,17,0,17,m,0.01745752
俊雄,26,0,26,m,0.009
俊郎,22,0,22,m,0.005307849
俊和,15,0,15,m,0.02810659
春佳,2,2,0,f,0.04489709
春江,3,3,0,f,0.009513213
春香,10,10,0,f,1.824277E-07
春菜,10,10,0,f,1.824277E-07
春樹,18,0,18,m,0.01375846
春代,2,2,0,f,0.04489709
春奈,5,5,0,f,0.0004271156
春乃,2,2,0,f,0.04489709
春美,12,11,1,f,3.737586E-07
瞬,16,0,16,m,0.0221511
駿,39,0,39,m,0.002
旬子,3,3,0,f,0.009513213
淳,226,1,225,m,0.001
淳一,106,0,106,m,0.001
淳司,20,0,20,m,0.008545632
淳史,17,0,17,m,0.01745752
淳子,64,64,0,f,0.001
淳二,20,0,20,m,0.008545632
淳美,4,3,1,f,0.03200561
淳也,23,0,23,m,0.004183173
準子,3,3,0,f,0.009513213
潤,93,1,92,m,0.001
潤一,32,0,32,m,0.004
潤子,13,13,0,f,1.735474E-09
潤也,15,0,15,m,0.02810659
純,98,5,93,m,0.001
純一,85,0,85,m,0.001
純恵,3,3,0,f,0.009513213
純子,96,96,0,f,0.001
純平,29,0,29,m,0.006
純也,31,0,31,m,0.005
順,23,1,22,m,0.03005074
順一,48,0,48,m,0.001
順子,71,71,0,f,0.001
順平,13,0,13,m,0.04525158
初江,5,5,0,f,0.0004271156
初子,3,3,0,f,0.009513213
初枝,4,4,0,f,0.002015748
初美,9,8,1,f,2.968151E-05
渚,9,9,0,f,8.609575E-07
勝,122,0,122,m,0.001
勝久,23,0,23,m,0.004183173
勝己,17,0,17,m,0.01745752
勝弘,13,0,13,m,0.04525158
勝江,2,2,0,f,0.04489709
勝子,4,4,0,f,0.002015748
勝治,13,0,13,m,0.04525158
勝則,19,0,19,m,0.01084319
勝代,3,3,0,f,0.009513213
勝之,20,0,20,m,0.008545632
勝博,15,0,15,m,0.02810659
勝彦,55,0,55,m,0.001
勝也,57,0,57,m,0.001
勝利,27,0,27,m,0.008
匠,48,0,48,m,0.001
将,32,0,32,m,0.004
将司,17,0,17,m,0.01745752
将史,17,0,17,m,0.01745752
将人,23,0,23,m,0.004183173
将太,17,0,17,m,0.01745752
将之,15,0,15,m,0.02810659
小枝,2,2,0,f,0.04489709
小雪,2,2,0,f,0.04489709
小百合,22,22,0,f,1.494169E-15
小夜子,3,3,0,f,0.009513213
尚,45,0,45,m,0.001
尚宏,13,0,13,m,0.04525158
尚江,2,2,0,f,0.04489709
尚史,19,0,19,m,0.01084319
尚子,47,47,0,f,0.001
尚志,21,0,21,m,0.006734904
尚樹,27,0,27,m,0.008
尚之,32,0,32,m,0.004
尚美,27,27,0,f,0.001
彰,72,0,72,m,0.001
彰一,15,0,15,m,0.02810659
彰子,12,12,0,f,8.190473E-09
昇,82,0,82,m,0.001
昌宏,48,0,48,m,0.001
昌幸,16,0,16,m,0.0221511
昌弘,45,0,45,m,0.001
昌史,36,0,36,m,0.003
昌子,35,35,0,f,0.001
昌志,20,0,20,m,0.008545632
昌樹,22,0,22,m,0.005307849
昌代,13,12,1,f,8.565046E-08
昌之,16,0,16,m,0.0221511
昌美,10,9,1,f,6.967726E-06
昌彦,33,0,33,m,0.004
昌平,16,0,16,m,0.0221511
昌也,19,0,19,m,0.01084319
昭,28,0,28,m,0.007
昭一,15,0,15,m,0.02810659
昭江,2,2,0,f,0.04489709
昭子,13,13,0,f,1.735474E-09
昭人,15,0,15,m,0.02810659
昭代,2,2,0,f,0.04489709
昭美,2,2,0,f,0.04489709
昭彦,49,0,49,m,0.001
昭夫,23,0,23,m,0.004183173
晶,19,8,11,m,0.03222882
晶江,3,3,0,f,0.009513213
晶子,34,34,0,f,0.001
梢,9,9,0,f,8.609575E-07
渉,69,0,69,m,0.001
照子,6,6,0,f,9.050123E-05
照代,4,4,0,f,0.002015748
照美,10,10,0,f,1.824277E-07
省吾,21,0,21,m,0.006734904
祥恵,4,4,0,f,0.002015748
祥子,40,40,0,f,0.001
祥代,3,3,0,f,0.009513213
祥平,19,0,19,m,0.01084319
章,71,1,70,m,0.001
章子,19,19,0,f,1.570625E-13
笑子,2,2,0,f,0.04489709
常子,2,2,0,f,0.04489709
穣,17,0,17,m,0.01745752
譲,22,0,22,m,0.005307849
伸,30,0,30,m,0.005
伸一,77,0,77,m,0.001
伸一郎,17,0,17,m,0.01745752
伸介,22,0,22,m,0.005307849
伸幸,21,0,21,m,0.006734904
伸江,4,4,0,f,0.002015748
伸行,18,0,18,m,0.01375846
伸哉,13,0,13,m,0.04525158
伸子,18,18,0,f,7.412479E-13
伸枝,2,2,0,f,0.04489709
伸治,23,0,23,m,0.004183173
伸二,31,0,31,m,0.005
伸之,18,0,18,m,0.01375846
伸彦,17,0,17,m,0.01745752
伸夫,19,0,19,m,0.01084319
伸也,36,0,36,m,0.003
信,27,0,27,m,0.008
信一,48,0,48,m,0.001
信一郎,15,0,15,m,0.02810659
信介,21,0,21,m,0.006734904
信吾,19,0,19,m,0.01084319
信幸,24,0,24,m,0.012
信江,4,4,0,f,0.002015748
信行,54,0,54,m,0.001
信子,22,22,0,f,1.494169E-15
信治,21,0,21,m,0.006734904
信太郎,13,0,13,m,0.04525158
信二,23,0,23,m,0.004183173
信之,35,0,35,m,0.003
信博,14,0,14,m,0.03566325
信彦,23,0,23,m,0.004183173
信夫,17,0,17,m,0.01745752
信明,20,0,20,m,0.008545632
信也,36,0,36,m,0.003
心奏,2,2,0,f,0.04489709
心美,2,2,0,f,0.04489709
心優,3,3,0,f,0.009513213
慎,35,0,35,m,0.003
慎一,79,0,79,m,0.001
慎一郎,32,0,32,m,0.004
慎介,13,0,13,m,0.04525158
慎吾,29,0,29,m,0.006
慎司,21,0,21,m,0.006734904
慎子,4,4,0,f,0.002015748
慎治,20,0,20,m,0.008545632
慎太郎,41,0,41,m,0.001
慎二,22,0,22,m,0.005307849
慎也,43,0,43,m,0.001
新,24,0,24,m,0.012
新子,2,2,0,f,0.04489709
晋,39,0,39,m,0.002
晋一,28,0,28,m,0.007
晋也,23,0,23,m,0.004183173
深雪,5,5,0,f,0.0004271156
真,85,0,85,m,0.001
真綾,3,3,0,f,0.009513213
真依,3,3,0,f,0.009513213
真依子,3,3,0,f,0.009513213
真衣,11,11,0,f,3.865448E-08
真一,131,0,131,m,0.001
真一郎,34,0,34,m,0.003
真央,10,7,3,f,0.001246972
真喜子,3,3,0,f,0.009513213
真希,17,15,2,f,6.80657E-09
真希子,7,7,0,f,1.917624E-05
真季子,2,2,0,f,0.04489709
真紀,40,38,2,f,0.001
真紀子,22,22,0,f,1.494169E-15
真貴子,5,5,0,f,0.0004271156
真起子,2,2,0,f,0.04489709
真弓,59,59,0,f,0.001
真弓美,2,2,0,f,0.04489709
真琴,11,8,3,f,0.0003592164
真吾,58,0,58,m,0.001
真悟,14,0,14,m,0.03566325
真弘,13,0,13,m,0.04525158
真佐子,4,4,0,f,0.002015748
真佐美,2,2,0,f,0.04489709
真菜,3,3,0,f,0.009513213
真司,49,0,49,m,0.001
真史,14,0,14,m,0.03566325
真子,10,10,0,f,1.824277E-07
真治,28,0,28,m,0.007
真実,19,18,1,f,1.125658E-11
真実子,2,2,0,f,0.04489709
真寿美,3,3,0,f,0.009513213
真樹子,7,7,0,f,1.917624E-05
真緒,3,3,0,f,0.009513213
真人,56,0,56,m,0.001
真澄,29,22,7,f,0.001
真千子,2,2,0,f,0.04489709
真太郎,15,0,15,m,0.02810659
真代,6,6,0,f,9.050123E-05
真知子,13,13,0,f,1.735474E-09
真智子,8,8,0,f,4.063242E-06
真奈,10,10,0,f,1.824277E-07
真奈美,22,22,0,f,1.494169E-15
真二,38,0,38,m,0.002
真之,14,0,14,m,0.03566325
真帆,14,14,0,f,3.677284E-10
真美,28,28,0,f,0.001
真美子,3,3,0,f,0.009513213
真穂,2,2,0,f,0.04489709
真未,7,7,0,f,1.917624E-05
真也,76,0,76,m,0.001
真唯,2,2,0,f,0.04489709
真優,3,3,0,f,0.009513213
真優美,2,2,0,f,0.04489709
真悠,2,2,0,f,0.04489709
真有美,2,2,0,f,0.04489709
真由,11,11,0,f,3.865448E-08
真由香,2,2,0,f,0.04489709
真由子,10,10,0,f,1.824277E-07
真由美,101,101,0,f,0.001
真夕子,2,2,0,f,0.04489709
真利子,2,2,0,f,0.04489709
真梨,3,3,0,f,0.009513213
真梨子,7,7,0,f,1.917624E-05
真理,40,35,5,f,0.001
真理恵,3,3,0,f,0.009513213
真理子,61,61,0,f,0.001
真里,21,21,0,f,7.051649E-15
真里江,2,2,0,f,0.04489709
真里奈,3,3,0,f,0.009513213
進,103,0,103,m,0.001
仁,127,0,127,m,0.001
仁絵,2,2,0,f,0.04489709
仁子,4,4,0,f,0.002015748
仁志,35,0,35,m,0.003
仁実,2,2,0,f,0.04489709
仁美,51,51,0,f,0.001
翠,7,7,0,f,1.917624E-05
瑞絵,2,2,0,f,0.04489709
瑞希,16,13,3,f,5.041452E-07
瑞季,5,5,0,f,0.0004271156
瑞紀,8,5,3,f,0.01340724
瑞恵,7,7,0,f,1.917624E-05
瑞姫,2,2,0,f,0.04489709
瑞穂,20,17,3,f,2.04217E-09
崇,113,0,113,m,0.001
崇史,26,0,26,m,0.009
崇之,16,0,16,m,0.0221511
澄恵,2,2,0,f,0.04489709
澄江,5,5,0,f,0.0004271156
澄香,3,3,0,f,0.009513213
澄子,8,8,0,f,4.063242E-06
世津子,2,2,0,f,0.04489709
世里奈,2,2,0,f,0.04489709
成香,3,3,0,f,0.009513213
成子,4,4,0,f,0.002015748
成美,15,12,3,f,1.941848E-06
政幸,17,0,17,m,0.01745752
政江,2,2,0,f,0.04489709
政子,5,5,0,f,0.0004271156
政人,18,0,18,m,0.01375846
政則,17,0,17,m,0.01745752
政代,2,2,0,f,0.04489709
政彦,24,0,24,m,0.012
政明,15,0,15,m,0.02810659
星子,2,2,0,f,0.04489709
晴佳,2,2,0,f,0.04489709
晴絵,3,3,0,f,0.009513213
晴香,7,7,0,f,1.917624E-05
晴菜,6,6,0,f,9.050123E-05
晴子,15,15,0,f,7.791771E-11
晴奈,3,3,0,f,0.009513213
晴美,29,29,0,f,0.001
晴彦,16,0,16,m,0.0221511
正,101,0,101,m,0.001
正一,36,0,36,m,0.003
正紀,15,0,15,m,0.02810659
正義,33,0,33,m,0.004
正恵,6,6,0,f,9.050123E-05
正憲,20,0,20,m,0.008545632
正己,16,0,16,m,0.0221511
正宏,14,0,14,m,0.03566325
正幸,68,0,68,m,0.001
正広,16,0,16,m,0.0221511
正弘,29,0,29,m,0.006
正江,3,3,0,f,0.009513213
正浩,30,0,30,m,0.005
正行,50,0,50,m,0.001
正剛,14,0,14,m,0.03566325
正司,14,0,14,m,0.03566325
正史,23,0,23,m,0.004183173
正子,19,19,0,f,1.570625E-13
正志,30,0,30,m,0.005
正枝,2,2,0,f,0.04489709
正治,29,0,29,m,0.006
正樹,107,0,107,m,0.001
正俊,18,0,18,m,0.01375846
正純,14,0,14,m,0.03566325
正勝,13,0,13,m,0.04525158
正昭,14,0,14,m,0.03566325
正信,18,0,18,m,0.01375846
正人,115,0,115,m,0.001
正晴,17,0,17,m,0.01745752
正則,26,0,26,m,0.009
正典,24,0,24,m,0.012
正道,18,0,18,m,0.01375846
正二,18,0,18,m,0.01375846
正之,36,0,36,m,0.003
正博,52,0,52,m,0.001
正美,35,13,22,m,0.021
正彦,41,0,41,m,0.001
正敏,21,0,21,m,0.006734904
正夫,24,0,24,m,0.012
正文,18,0,18,m,0.01375846
正巳,22,0,22,m,0.005307849
正明,81,0,81,m,0.001
正也,16,0,16,m,0.0221511
正裕,17,0,17,m,0.01745752
正雄,20,0,20,m,0.008545632
正和,73,0,73,m,0.001
清,60,0,60,m,0.001
清一,25,0,25,m,0.01
清貴,14,0,14,m,0.03566325
清恵,3,3,0,f,0.009513213
清江,2,2,0,f,0.04489709
清香,6,6,0,f,9.050123E-05
清子,16,16,0,f,1.650993E-11
清志,31,0,31,m,0.005
清人,16,0,16,m,0.0221511
清美,54,43,11,f,0.001
清隆,26,0,26,m,0.009
聖,49,2,47,m,0.004
聖華,2,2,0,f,0.04489709
聖子,34,34,0,f,0.001
聖奈,3,3,0,f,0.009513213
聖美,2,2,0,f,0.04489709
聖也,13,0,13,m,0.04525158
誠,386,0,386,m,0.001
誠一,51,0,51,m,0.001
誠一郎,25,0,25,m,0.01
誠司,48,0,48,m,0.001
誠子,5,5,0,f,0.0004271156
誠治,24,0,24,m,0.012
誠二,41,0,41,m,0.001
誠也,22,0,22,m,0.005307849
誓子,2,2,0,f,0.04489709
静,5,5,0,f,0.0004271156
静恵,2,2,0,f,0.04489709
静江,3,3,0,f,0.009513213
静香,13,13,0,f,1.735474E-09
静子,7,7,0,f,1.917624E-05
静代,2,2,0,f,0.04489709
斉,19,0,19,m,0.01084319
摂子,2,2,0,f,0.04489709
節子,27,27,0,f,0.001
雪絵,2,2,0,f,0.04489709
雪江,3,3,0,f,0.009513213
雪乃,2,2,0,f,0.04489709
千亜紀,2,2,0,f,0.04489709
千温,2,2,0,f,0.04489709
千佳,11,11,0,f,3.865448E-08
千佳子,10,10,0,f,1.824277E-07
千加子,3,3,0,f,0.009513213
千夏,16,16,0,f,1.650993E-11
千花,2,2,0,f,0.04489709
千華,3,3,0,f,0.009513213
千賀,3,3,0,f,0.009513213
千賀子,10,10,0,f,1.824277E-07
千雅,2,2,0,f,0.04489709
千雅子,3,3,0,f,0.009513213
千絵,8,8,0,f,4.063242E-06
千恵,36,36,0,f,0.001
千恵子,24,24,0,f,0.001
千恵美,6,6,0,f,9.050123E-05
千恵里,2,2,0,f,0.04489709
千景,7,7,0,f,1.917624E-05
千湖,2,2,0,f,0.04489709
千晃,4,3,1,f,0.03200561
千紘,7,5,2,f,0.006089528
千香,2,2,0,f,0.04489709
千香子,3,3,0,f,0.009513213
千沙,2,2,0,f,0.04489709
千枝,7,7,0,f,1.917624E-05
千枝子,2,2,0,f,0.04489709
千寿,2,2,0,f,0.04489709
千寿子,2,2,0,f,0.04489709
千秋,24,18,6,f,0.001
千春,31,24,7,f,0.001
千晶,16,16,0,f,1.650993E-11
千尋,48,32,16,f,0.001
千晴,18,14,4,f,4.668504E-07
千草,8,8,0,f,4.063242E-06
千代,11,11,0,f,3.865448E-08
千代子,12,12,0,f,8.190473E-09
千代美,9,9,0,f,8.609575E-07
千津,2,2,0,f,0.04489709
千津子,3,3,0,f,0.009513213
千鶴,21,21,0,f,7.051649E-15
千鶴子,9,9,0,f,8.609575E-07
千登世,2,2,0,f,0.04489709
千奈美,2,2,0,f,0.04489709
千波,4,4,0,f,0.002015748
千帆,3,3,0,f,0.009513213
千歩,2,2,0,f,0.04489709
千穂,19,19,0,f,1.570625E-13
千穂子,2,2,0,f,0.04489709
千明,15,11,4,f,2.229733E-05
千裕,11,7,4,f,0.002800546
千里,20,17,3,f,2.04217E-09
宣子,7,7,0,f,1.917624E-05
泉,38,18,20,m,0.001
善子,2,2,0,f,0.04489709
善彦,19,0,19,m,0.01084319
素子,16,16,0,f,1.650993E-11
創,15,0,15,m,0.02810659
奏,7,5,2,f,0.006089528
奏愛,2,2,0,f,0.04489709
奏子,6,6,0,f,9.050123E-05
早希,7,7,0,f,1.917624E-05
早紀,21,21,0,f,7.051649E-15
早織,7,7,0,f,1.917624E-05
早代,2,2,0,f,0.04489709
早知子,2,2,0,f,0.04489709
早百合,2,2,0,f,0.04489709
早苗,45,44,1,f,0.001
総子,2,2,0,f,0.04489709
聡,217,0,217,m,0.001
聡恵,2,2,0,f,0.04489709
聡史,16,0,16,m,0.0221511
聡子,43,43,0,f,0.001
聡志,17,0,17,m,0.01745752
聡美,20,20,0,f,3.327987E-14
則子,14,14,0,f,3.677284E-10
多佳子,2,2,0,f,0.04489709
多賀子,5,5,0,f,0.0004271156
多恵,2,2,0,f,0.04489709
多恵子,5,5,0,f,0.0004271156
多香子,2,2,0,f,0.04489709
多津子,2,2,0,f,0.04489709
多美子,5,5,0,f,0.0004271156
太,36,0,36,m,0.003
太一,57,0,57,m,0.001
太志,15,0,15,m,0.02810659
太郎,57,0,57,m,0.001
泰,27,0,27,m,0.008
泰久,19,0,19,m,0.01084319
泰弘,42,0,42,m,0.001
泰行,16,0,16,m,0.0221511
泰三,18,0,18,m,0.01375846
泰史,13,0,13,m,0.04525158
泰子,20,20,0,f,3.327987E-14
泰志,16,0,16,m,0.0221511
泰治,14,0,14,m,0.03566325
泰生,13,0,13,m,0.04525158
泰代,3,3,0,f,0.009513213
泰典,15,0,15,m,0.02810659
泰之,26,0,26,m,0.009
泰彦,20,0,20,m,0.008545632
泰明,14,0,14,m,0.03566325
大,65,0,65,m,0.001
大介,134,0,134,m,0.001
大貴,38,0,38,m,0.002
大輝,39,0,39,m,0.002
大吾,14,0,14,m,0.03566325
大作,28,0,28,m,0.007
大志,19,0,19,m,0.01084319
大樹,82,0,82,m,0.001
大助,14,0,14,m,0.03566325
大地,60,0,60,m,0.001
大智,21,0,21,m,0.006734904
大輔,287,1,286,m,0.001
大祐,41,0,41,m,0.001
大和,26,0,26,m,0.009
大翔,17,0,17,m,0.01745752
卓,64,0,64,m,0.001
卓哉,22,0,22,m,0.005307849
卓也,99,0,99,m,0.001
拓,35,0,35,m,0.003
拓海,21,0,21,m,0.006734904
拓哉,29,0,29,m,0.006
拓実,22,0,22,m,0.005307849
拓真,23,0,23,m,0.004183173
拓人,14,0,14,m,0.03566325
拓馬,13,0,13,m,0.04525158
拓磨,22,0,22,m,0.005307849
拓也,142,0,142,m,0.001
拓弥,17,0,17,m,0.01745752
拓郎,38,0,38,m,0.002
琢磨,20,0,20,m,0.008545632
琢也,22,0,22,m,0.005307849
達,17,0,17,m,0.01745752
達哉,32,0,32,m,0.004
達彦,21,0,21,m,0.006734904
達夫,15,0,15,m,0.02810659
達也,231,0,231,m,0.001
達矢,14,0,14,m,0.03566325
達雄,20,0,20,m,0.008545632
達郎,23,0,23,m,0.004183173
辰也,14,0,14,m,0.03566325
知永子,2,2,0,f,0.04489709
知佳,11,11,0,f,3.865448E-08
知佳子,3,3,0,f,0.009513213
知加子,4,4,0,f,0.002015748
知恵,5,5,0,f,0.0004271156
知恵子,2,2,0,f,0.04489709
知恵美,2,2,0,f,0.04489709
知見,2,2,0,f,0.04489709
知佐,4,4,0,f,0.002015748
知佐子,3,3,0,f,0.009513213
知左子,2,2,0,f,0.04489709
知史,14,0,14,m,0.03566325
知子,62,62,0,f,0.001
知樹,13,0,13,m,0.04525158
知世,9,9,0,f,8.609575E-07
知代,9,9,0,f,8.609575E-07
知奈美,2,2,0,f,0.04489709
知之,17,0,17,m,0.01745752
知美,16,16,0,f,1.650993E-11
知穂,2,2,0,f,0.04489709
知明,16,0,16,m,0.0221511
知也,19,0,19,m,0.01084319
知里,5,5,0,f,0.0004271156
智,110,1,109,m,0.001
智絵,5,5,0,f,0.0004271156
智久,24,0,24,m,0.012
智恵,17,17,0,f,3.498278E-12
智恵子,17,17,0,f,3.498278E-12
智恵美,3,3,0,f,0.009513213
智宏,31,0,31,m,0.005
智幸,23,0,23,m,0.004183173
智弘,33,0,33,m,0.004
智江,3,3,0,f,0.009513213
智浩,16,0,16,m,0.0221511
智行,22,0,22,m,0.005307849
智香,9,9,0,f,8.609575E-07
智香子,6,6,0,f,9.050123E-05
智哉,22,0,22,m,0.005307849
智史,34,0,34,m,0.003
智子,175,175,0,f,0.001
智枝子,3,3,0,f,0.009513213
智樹,16,0,16,m,0.0221511
智春,2,2,0,f,0.04489709
智昭,19,0,19,m,0.01084319
智仁,18,0,18,m,0.01375846
智代,8,8,0,f,4.063242E-06
智大,18,0,18,m,0.01375846
智津子,4,4,0,f,0.002015748
智之,85,0,85,m,0.001
智博,23,0,23,m,0.004183173
智美,51,50,1,f,0.001
智彦,36,0,36,m,0.003
智保,2,2,0,f,0.04489709
智明,20,0,20,m,0.008545632
智也,44,0,44,m,0.001
智裕,18,0,18,m,0.01375846
智洋,16,0,16,m,0.0221511
智里,2,2,0,f,0.04489709
稚菜,2,2,0,f,0.04489709
稚子,2,2,0,f,0.04489709
忠,51,0,51,m,0.001
忠司,16,0,16,m,0.0221511
忠彦,15,0,15,m,0.02810659
忠雄,16,0,16,m,0.0221511
暢子,7,7,0,f,1.917624E-05
朝子,13,13,0,f,1.735474E-09
朝美,7,6,1,f,0.0005184512
町子,2,2,0,f,0.04489709
直,54,2,52,m,0.003
直紀,28,0,28,m,0.007
直輝,20,0,20,m,0.008545632
直江,4,4,0,f,0.002015748
直行,20,0,20,m,0.008545632
直哉,55,0,55,m,0.001
直史,15,0,15,m,0.02810659
直子,131,131,0,f,0.001
直枝,2,2,0,f,0.04489709
直樹,254,0,254,m,0.001
直人,136,0,136,m,0.001
直之,30,0,30,m,0.005
直美,93,93,0,f,0.001
直彦,15,0,15,m,0.02810659
直也,72,0,72,m,0.001
通子,5,5,0,f,0.0004271156
貞子,2,2,0,f,0.04489709
禎子,3,3,0,f,0.009513213
哲,79,0,79,m,0.001
哲哉,30,0,30,m,0.005
哲司,18,0,18,m,0.01375846
哲史,20,0,20,m,0.008545632
哲子,4,4,0,f,0.002015748
哲治,18,0,18,m,0.01375846
哲生,26,0,26,m,0.009
哲夫,40,0,40,m,0.002
哲平,28,0,28,m,0.007
哲也,248,0,248,m,0.001
哲雄,17,0,17,m,0.01745752
哲郎,50,0,50,m,0.001
徹,250,0,250,m,0.001
徹也,41,0,41,m,0.001
鉄也,21,0,21,m,0.006734904
典恵,2,2,0,f,0.04489709
典子,94,94,0,f,0.001
展江,2,2,0,f,0.04489709
展子,3,3,0,f,0.009513213
登,34,0,34,m,0.003
登紀子,2,2,0,f,0.04489709
登志子,3,3,0,f,0.009513213
登美子,4,4,0,f,0.002015748
都,8,8,0,f,4.063242E-06
都子,2,2,0,f,0.04489709
努,54,0,54,m,0.001
桃佳,3,3,0,f,0.009513213
桃香,3,3,0,f,0.009513213
桃子,15,15,0,f,7.791771E-11
桃代,3,3,0,f,0.009513213
等,29,0,29,m,0.006
藤子,2,2,0,f,0.04489709
透,51,0,51,m,0.001
瞳,32,32,0,f,0.001
瞳子,2,2,0,f,0.04489709
道子,14,14,0,f,3.677284E-10
道代,9,9,0,f,8.609575E-07
徳子,6,6,0,f,9.050123E-05
篤,71,0,71,m,0.001
篤司,15,0,15,m,0.02810659
篤史,58,0,58,m,0.001
篤子,4,4,0,f,0.002015748
篤志,27,0,27,m,0.008
敦,101,0,101,m,0.001
敦司,26,0,26,m,0.009
敦史,43,0,43,m,0.001
敦子,64,64,0,f,0.001
敦志,18,0,18,m,0.01375846
敦美,2,2,0,f,0.04489709
奈央,18,17,1,f,5.03678E-11
奈央子,3,3,0,f,0.009513213
奈月,6,5,1,f,0.002110187
奈菜,2,2,0,f,0.04489709
奈緒,11,11,0,f,3.865448E-08
奈緒子,9,9,0,f,8.609575E-07
奈緒美,14,14,0,f,3.677284E-10
奈津,2,2,0,f,0.04489709
奈津希,2,2,0,f,0.04489709
奈津恵,2,2,0,f,0.04489709
奈津子,24,24,0,f,0.001
奈津枝,2,2,0,f,0.04489709
奈津美,8,8,0,f,4.063242E-06
奈都美,2,2,0,f,0.04489709
奈々,21,21,0,f,7.051649E-15
奈々恵,2,2,0,f,0.04489709
奈々子,3,3,0,f,0.009513213
奈那美,2,2,0,f,0.04489709
奈美,21,21,0,f,7.051649E-15
奈美江,3,3,0,f,0.009513213
奈美子,2,2,0,f,0.04489709
奈保子,4,4,0,f,0.002015748
奈保美,5,5,0,f,0.0004271156
奈穂,6,6,0,f,9.050123E-05
奈穂子,8,8,0,f,4.063242E-06
奈穂美,6,6,0,f,9.050123E-05
奈未,2,2,0,f,0.04489709
南,6,6,0,f,9.050123E-05
南美,2,2,0,f,0.04489709
二郎,19,0,19,m,0.01084319
日向子,3,3,0,f,0.009513213
日佐子,2,2,0,f,0.04489709
日菜,2,2,0,f,0.04489709
日出美,2,2,0,f,0.04489709
日奈子,2,2,0,f,0.04489709
日和,2,2,0,f,0.04489709
寧々,2,2,0,f,0.04489709
乃愛,2,2,0,f,0.04489709
博,126,0,126,m,0.001
博一,17,0,17,m,0.01745752
博光,13,0,13,m,0.04525158
博幸,43,0,43,m,0.001
博行,33,0,33,m,0.004
博司,35,0,35,m,0.003
博史,58,0,58,m,0.001
博子,40,40,0,f,0.001
博志,24,0,24,m,0.012
博樹,16,0,16,m,0.0221511
博昭,36,0,36,m,0.003
博章,15,0,15,m,0.02810659
博人,13,0,13,m,0.04525158
博之,124,0,124,m,0.001
博美,34,23,11,f,0.001
博文,71,0,71,m,0.001
博明,17,0,17,m,0.01745752
博和,13,0,13,m,0.04525158
肇,60,0,60,m,0.001
八恵美,2,2,0,f,0.04489709
八重子,8,8,0,f,4.063242E-06
八千代,3,3,0,f,0.009513213
隼,19,0,19,m,0.01084319
隼人,44,0,44,m,0.001
帆花,2,2,0,f,0.04489709
繁,36,0,36,m,0.003
範子,13,13,0,f,1.735474E-09
妃菜,3,3,0,f,0.009513213
比呂子,3,3,0,f,0.009513213
飛鳥,6,4,2,f,0.02089047
美衣,2,2,0,f,0.04489709
美羽,7,7,0,f,1.917624E-05
美栄,3,3,0,f,0.009513213
美栄子,2,2,0,f,0.04489709
美央,2,2,0,f,0.04489709
美音,2,2,0,f,0.04489709
美佳,31,31,0,f,0.001
美佳子,2,2,0,f,0.04489709
美加,9,9,0,f,8.609575E-07
美加子,4,4,0,f,0.002015748
美夏,4,4,0,f,0.002015748
美花,3,3,0,f,0.009513213
美華,4,4,0,f,0.002015748
美賀,2,2,0,f,0.04489709
美海,2,2,0,f,0.04489709
美絵,9,9,0,f,8.609575E-07
美喜,5,5,0,f,0.0004271156
美喜子,4,4,0,f,0.002015748
美岐,2,2,0,f,0.04489709
美希,12,12,0,f,8.190473E-09
美季,7,7,0,f,1.917624E-05
美紀,55,54,1,f,0.001
美紀子,14,14,0,f,3.677284E-10
美貴,15,14,1,f,4.425078E-09
美貴子,8,8,0,f,4.063242E-06
美琴,2,2,0,f,0.04489709
美玖,2,2,0,f,0.04489709
美空,4,4,0,f,0.002015748
美恵,24,24,0,f,0.001
美恵子,29,29,0,f,0.001
美結,2,2,0,f,0.04489709
美月,7,7,0,f,1.917624E-05
美幸,52,51,1,f,0.001
美江,10,10,0,f,1.824277E-07
美江子,5,5,0,f,0.0004271156
美香,79,79,0,f,0.001
美香子,7,7,0,f,1.917624E-05
美佐,9,9,0,f,8.609575E-07
美佐江,2,2,0,f,0.04489709
美佐子,24,24,0,f,0.001
美佐代,2,2,0,f,0.04489709
美沙,11,11,0,f,3.865448E-08
美沙子,2,2,0,f,0.04489709
美砂,2,2,0,f,0.04489709
美砂子,3,3,0,f,0.009513213
美菜,2,2,0,f,0.04489709
美菜子,2,2,0,f,0.04489709
美咲,29,29,0,f,0.001
美桜,4,4,0,f,0.002015748
美子,13,13,0,f,1.735474E-09
美枝,5,5,0,f,0.0004271156
美枝子,11,11,0,f,3.865448E-08
美紗,2,2,0,f,0.04489709
美紗子,3,3,0,f,0.009513213
美樹,55,53,2,f,0.001
美樹子,3,3,0,f,0.009513213
美重子,2,2,0,f,0.04489709
美春,7,6,1,f,0.0005184512
美緒,14,14,0,f,3.677284E-10
美織,3,3,0,f,0.009513213
美晴,3,3,0,f,0.009513213
美生,2,2,0,f,0.04489709
美雪,9,9,0,f,8.609575E-07
美千子,5,5,0,f,0.0004271156
美千代,16,16,0,f,1.650993E-11
美千留,2,2,0,f,0.04489709
美早,2,2,0,f,0.04489709
美代,6,6,0,f,9.050123E-05
美代子,34,34,0,f,0.001
美知子,6,6,0,f,9.050123E-05
美知代,2,2,0,f,0.04489709
美智,3,3,0,f,0.009513213
美智子,55,55,0,f,0.001
美智枝,2,2,0,f,0.04489709
美智代,13,13,0,f,1.735474E-09
美津江,2,2,0,f,0.04489709
美津子,13,13,0,f,1.735474E-09
美登里,3,3,0,f,0.009513213
美都,4,4,0,f,0.002015748
美奈,16,16,0,f,1.650993E-11
美奈子,38,38,0,f,0.001
美那,2,2,0,f,0.04489709
美南,2,2,0,f,0.04489709
美乃,2,2,0,f,0.04489709
美波,9,9,0,f,8.609575E-07
美帆,11,11,0,f,3.865448E-08
美帆子,3,3,0,f,0.009513213
美妃,3,3,0,f,0.009513213
美保,48,48,0,f,0.001
美保子,9,9,0,f,8.609575E-07
美穂,71,70,1,f,0.001
美穂子,17,17,0,f,3.498278E-12
美也子,8,8,0,f,4.063242E-06
美弥,2,2,0,f,0.04489709
美弥子,7,7,0,f,1.917624E-05
美優,8,8,0,f,4.063242E-06
美友紀,2,2,0,f,0.04489709
美憂,2,2,0,f,0.04489709
美由希,3,3,0,f,0.009513213
美由紀,34,34,0,f,0.001
美由起,2,2,0,f,0.04489709
美来,3,3,0,f,0.009513213
美里,19,19,0,f,1.570625E-13
美輪,2,2,0,f,0.04489709
美玲,2,2,0,f,0.04489709
美鈴,16,16,0,f,1.650993E-11
美麗,2,2,0,f,0.04489709
美和,43,42,1,f,0.001
美和子,25,25,0,f,0.001
百花,2,2,0,f,0.04489709
百合,5,5,0,f,0.0004271156
百合香,2,2,0,f,0.04489709
百合子,20,20,0,f,3.327987E-14
百代,2,2,0,f,0.04489709
敏,35,0,35,m,0.003
敏恵,3,3,0,f,0.009513213
敏宏,13,0,13,m,0.04525158
敏幸,18,0,18,m,0.01375846
敏弘,25,0,25,m,0.01
敏江,5,5,0,f,0.0004271156
敏行,26,0,26,m,0.009
敏子,11,11,0,f,3.865448E-08
敏男,14,0,14,m,0.03566325
敏之,44,0,44,m,0.001
敏彦,28,0,28,m,0.007
敏夫,38,0,38,m,0.002
敏明,22,0,22,m,0.005307849
敏雄,21,0,21,m,0.006734904
敏郎,24,0,24,m,0.012
富士子,5,5,0,f,0.0004271156
富士美,4,3,1,f,0.03200561
富子,5,5,0,f,0.0004271156
富美,2,2,0,f,0.04489709
富美子,21,21,0,f,7.051649E-15
富美代,2,2,0,f,0.04489709
扶美子,2,2,0,f,0.04489709
芙美,3,3,0,f,0.009513213
武,92,0,92,m,0.001
武司,28,0,28,m,0.007
武史,47,0,47,m,0.001
武士,24,0,24,m,0.012
武子,2,2,0,f,0.04489709
武志,87,0,87,m,0.001
武彦,31,0,31,m,0.005
武夫,16,0,16,m,0.0221511
舞,28,28,0,f,0.001
舞香,3,3,0,f,0.009513213
舞子,5,5,0,f,0.0004271156
楓,15,12,3,f,1.941848E-06
福子,2,2,0,f,0.04489709
文,9,8,1,f,2.968151E-05
文佳,2,2,0,f,0.04489709
文恵,7,7,0,f,1.917624E-05
文江,6,6,0,f,9.050123E-05
文香,6,6,0,f,9.050123E-05
文菜,2,2,0,f,0.04489709
文子,40,40,0,f,0.001
文枝,3,3,0,f,0.009513213
文昭,13,0,13,m,0.04525158
文代,3,3,0,f,0.009513213
文男,13,0,13,m,0.04525158
文乃,2,2,0,f,0.04489709
文美,5,5,0,f,0.0004271156
文彦,34,0,34,m,0.003
文夫,17,0,17,m,0.01745752
文明,14,0,14,m,0.03566325
文雄,27,0,27,m,0.008
文葉,2,2,0,f,0.04489709
米子,2,2,0,f,0.04489709
碧,9,8,1,f,2.968151E-05
勉,134,0,134,m,0.001
保,42,0,42,m,0.001
保子,5,5,0,f,0.0004271156
歩惟,2,2,0,f,0.04489709
歩実,3,3,0,f,0.009513213
歩美,11,11,0,f,3.865448E-08
穂花,2,2,0,f,0.04489709
穂南,2,2,0,f,0.04489709
峰子,7,7,0,f,1.917624E-05
方子,2,2,0,f,0.04489709
朋恵,3,3,0,f,0.009513213
朋宏,17,0,17,m,0.01745752
朋香,2,2,0,f,0.04489709
朋子,71,71,0,f,0.001
朋代,7,7,0,f,1.917624E-05
朋之,14,0,14,m,0.03566325
朋美,14,14,0,f,3.677284E-10
法子,15,15,0,f,7.791771E-11
芳恵,5,5,0,f,0.0004271156
芳江,5,5,0,f,0.0004271156
芳子,14,14,0,f,3.677284E-10
芳枝,3,3,0,f,0.009513213
芳樹,15,0,15,m,0.02810659
芳彦,17,0,17,m,0.01745752
芳惠,2,2,0,f,0.04489709
萌,12,11,1,f,3.737586E-07
萌花,2,2,0,f,0.04489709
萌絵,3,3,0,f,0.009513213
萌香,2,2,0,f,0.04489709
萌子,3,3,0,f,0.009513213
萌美,3,3,0,f,0.009513213
萌々香,2,2,0,f,0.04489709
豊,168,1,167,m,0.001
豊子,10,10,0,f,1.824277E-07
邦子,11,11,0,f,3.865448E-08
邦男,13,0,13,m,0.04525158
邦彦,46,0,46,m,0.001
邦夫,24,0,24,m,0.012
邦明,14,0,14,m,0.03566325
邦雄,13,0,13,m,0.04525158
房子,8,8,0,f,4.063242E-06
望,46,16,30,m,0.025
望未,3,3,0,f,0.009513213
牧,5,4,1,f,0.008370279
牧子,5,5,0,f,0.0004271156
睦,23,9,14,m,0.03856889
睦子,10,10,0,f,1.824277E-07
睦実,2,2,0,f,0.04489709
睦美,18,17,1,f,5.03678E-11
磨衣子,2,2,0,f,0.04489709
麻衣,27,27,0,f,0.001
麻衣子,25,25,0,f,0.001
麻希,3,3,0,f,0.009513213
麻紀,13,13,0,f,1.735474E-09
麻紀子,7,7,0,f,1.917624E-05
麻貴,3,3,0,f,0.009513213
麻起子,2,2,0,f,0.04489709
麻琴,3,3,0,f,0.009513213
麻結,2,2,0,f,0.04489709
麻湖,2,2,0,f,0.04489709
麻菜,2,2,0,f,0.04489709
麻子,18,18,0,f,7.412479E-13
麻実,3,3,0,f,0.009513213
麻代,2,2,0,f,0.04489709
麻奈美,4,4,0,f,0.002015748
麻乃,2,2,0,f,0.04489709
麻帆,2,2,0,f,0.04489709
麻美,29,29,0,f,0.001
麻未,2,2,0,f,0.04489709
麻耶,2,2,0,f,0.04489709
麻弥,3,3,0,f,0.009513213
麻友,3,3,0,f,0.009513213
麻友美,5,5,0,f,0.0004271156
麻由,5,5,0,f,0.0004271156
麻由子,5,5,0,f,0.0004271156
麻由美,6,6,0,f,9.050123E-05
麻祐子,2,2,0,f,0.04489709
麻利子,4,4,0,f,0.002015748
麻理,5,5,0,f,0.0004271156
麻理子,5,5,0,f,0.0004271156
麻里,20,20,0,f,3.327987E-14
麻里子,7,7,0,f,1.917624E-05
麻里奈,2,2,0,f,0.04489709
麻莉,2,2,0,f,0.04489709
末子,3,3,0,f,0.009513213
繭,2,2,0,f,0.04489709
繭子,2,2,0,f,0.04489709
万希子,2,2,0,f,0.04489709
万紀,2,2,0,f,0.04489709
万紀子,2,2,0,f,0.04489709
万由子,2,2,0,f,0.04489709
万里子,9,9,0,f,8.609575E-07
万里奈,2,2,0,f,0.04489709
満,68,1,67,m,0.001
満江,2,2,0,f,0.04489709
満子,2,2,0,f,0.04489709
満代,3,3,0,f,0.009513213
満智子,3,3,0,f,0.009513213
満里奈,2,2,0,f,0.04489709
未羽,2,2,0,f,0.04489709
未央,7,6,1,f,0.0005184512
未希,2,2,0,f,0.04489709
未紗,2,2,0,f,0.04489709
未来,19,18,1,f,1.125658E-11
未来子,3,3,0,f,0.009513213
未侑,2,2,0,f,0.04489709
未來,2,2,0,f,0.04489709
岬,6,4,2,f,0.02089047
稔,116,0,116,m,0.001
稔子,4,4,0,f,0.002015748
妙,4,4,0,f,0.002015748
妙子,33,33,0,f,0.001
民子,2,2,0,f,0.04489709
務,22,0,22,m,0.005307849
夢,3,3,0,f,0.009513213
名津美,2,2,0,f,0.04489709
名保子,2,2,0,f,0.04489709
明,131,2,129,m,0.001
明音,3,3,0,f,0.009513213
明華,3,3,0,f,0.009513213
明宏,21,0,21,m,0.006734904
明広,15,0,15,m,0.02810659
明弘,26,0,26,m,0.009
明香,8,8,0,f,4.063242E-06
明香里,2,2,0,f,0.04489709
明菜,2,2,0,f,0.04489709
明子,81,81,0,f,0.001
明人,16,0,16,m,0.0221511
明代,4,4,0,f,0.002015748
明男,15,0,15,m,0.02810659
明奈,2,2,0,f,0.04489709
明日佳,3,3,0,f,0.009513213
明日香,23,23,0,f,3.165985E-16
明美,77,77,0,f,0.001
明彦,60,0,60,m,0.001
明里,3,3,0,f,0.009513213
明莉,3,3,0,f,0.009513213
茂,144,0,144,m,0.001
茂子,5,5,0,f,0.0004271156
茂樹,78,0,78,m,0.001
茂美,9,5,4,f,0.02494156
茂雄,29,0,29,m,0.006
猛,59,0,59,m,0.001
木の実,2,2,0,f,0.04489709
紋,3,3,0,f,0.009513213
紋子,2,2,0,f,0.04489709
野乃佳,2,2,0,f,0.04489709
弥生,31,30,1,f,0.001
靖,69,0,69,m,0.001
靖恵,2,2,0,f,0.04489709
靖史,13,0,13,m,0.04525158
靖子,27,27,0,f,0.001
靖枝,2,2,0,f,0.04489709
靖之,15,0,15,m,0.02810659
諭,28,0,28,m,0.007
唯,16,11,5,f,5.759055E-05
佑,20,0,20,m,0.008545632
佑佳,2,2,0,f,0.04489709
佑介,27,0,27,m,0.008
佑希,2,2,0,f,0.04489709
佑香,2,2,0,f,0.04489709
佑子,2,2,0,f,0.04489709
佑実,2,2,0,f,0.04489709
佑樹,14,0,14,m,0.03566325
佑太,17,0,17,m,0.01745752
佑美,4,4,0,f,0.002015748
佑輔,15,0,15,m,0.02810659
優,84,10,74,m,0.038
優依,3,3,0,f,0.009513213
優衣,6,6,0,f,9.050123E-05
優一,19,0,19,m,0.01084319
優花,12,12,0,f,8.190473E-09
優介,20,0,20,m,0.008545632
優紀,7,4,3,f,0.04062505
優恵,2,2,0,f,0.04489709
優香,4,4,0,f,0.002015748
優子,87,87,0,f,0.001
優樹,14,0,14,m,0.03566325
優太,34,0,34,m,0.003
優奈,6,6,0,f,9.050123E-05
優美,6,6,0,f,9.050123E-05
優美子,8,8,0,f,4.063242E-06
優理子,2,2,0,f,0.04489709
優里,7,7,0,f,1.917624E-05
勇,58,0,58,m,0.001
勇一,23,0,23,m,0.004183173
勇介,20,0,20,m,0.008545632
勇輝,17,0,17,m,0.01745752
勇次,23,0,23,m,0.004183173
勇樹,32,0,32,m,0.004
勇人,53,0,53,m,0.001
勇太,27,0,27,m,0.008
友佳子,2,2,0,f,0.04489709
友加里,2,2,0,f,0.04489709
友紀,39,26,13,f,0.001
友紀子,15,15,0,f,7.791771E-11
友恵,2,2,0,f,0.04489709
友宏,13,0,13,m,0.04525158
友江,2,2,0,f,0.04489709
友香,15,15,0,f,7.791771E-11
友香子,3,3,0,f,0.009513213
友菜,2,2,0,f,0.04489709
友子,24,24,0,f,0.001
友樹,16,0,16,m,0.0221511
友美,36,36,0,f,0.001
友美恵,2,2,0,f,0.04489709
友美子,7,7,0,f,1.917624E-05
友彦,16,0,16,m,0.0221511
友也,14,0,14,m,0.03566325
友梨,6,6,0,f,9.050123E-05
友理,2,2,0,f,0.04489709
友里,15,15,0,f,7.791771E-11
友里恵,3,3,0,f,0.009513213
友和,17,0,17,m,0.01745752
悠介,24,0,24,m,0.012
悠紀子,2,2,0,f,0.04489709
悠香,3,3,0,f,0.009513213
悠菜,2,2,0,f,0.04489709
悠子,7,7,0,f,1.917624E-05
悠太,20,0,20,m,0.008545632
悠里,7,5,2,f,0.006089528
有加,5,5,0,f,0.0004271156
有加里,2,2,0,f,0.04489709
有希,12,11,1,f,3.737586E-07
有希子,6,6,0,f,9.050123E-05
有紀,25,25,0,f,0.001
有紀子,8,8,0,f,4.063242E-06
有香,9,9,0,f,8.609575E-07
有香子,3,3,0,f,0.009513213
有沙,3,3,0,f,0.009513213
有子,9,9,0,f,8.609575E-07
有紗,2,2,0,f,0.04489709
有美,12,12,0,f,8.190473E-09
有美子,6,6,0,f,9.050123E-05
有理,5,5,0,f,0.0004271156
有理子,2,2,0,f,0.04489709
有里,10,9,1,f,6.967726E-06
柚花,2,2,0,f,0.04489709
柚希,2,2,0,f,0.04489709
柚葉,3,3,0,f,0.009513213
由依,4,4,0,f,0.002015748
由衣,8,8,0,f,4.063242E-06
由佳,39,39,0,f,0.001
由佳子,6,6,0,f,9.050123E-05
由佳理,5,5,0,f,0.0004271156
由佳里,3,3,0,f,0.009513213
由加利,2,2,0,f,0.04489709
由加理,3,3,0,f,0.009513213
由加里,8,8,0,f,4.063242E-06
由夏,5,5,0,f,0.0004271156
由花,2,2,0,f,0.04489709
由華,8,8,0,f,4.063242E-06
由希,2,2,0,f,0.04489709
由希子,11,11,0,f,3.865448E-08
由季,4,3,1,f,0.03200561
由季子,4,4,0,f,0.002015748
由紀,48,48,0,f,0.001
由紀江,2,2,0,f,0.04489709
由紀子,52,52,0,f,0.001
由紀枝,2,2,0,f,0.04489709
由紀美,2,2,0,f,0.04489709
由記子,2,2,0,f,0.04489709
由貴,7,7,0,f,1.917624E-05
由貴子,8,8,0,f,4.063242E-06
由起,2,2,0,f,0.04489709
由起子,10,10,0,f,1.824277E-07
由恵,5,5,0,f,0.0004271156
由江,2,2,0,f,0.04489709
由香,33,33,0,f,0.001
由香子,5,5,0,f,0.0004271156
由香利,4,4,0,f,0.002015748
由香理,3,3,0,f,0.009513213
由香里,17,17,0,f,3.498278E-12
由菜,4,4,0,f,0.002015748
由子,6,6,0,f,9.050123E-05
由実,7,7,0,f,1.917624E-05
由実子,3,3,0,f,0.009513213
由樹子,2,2,0,f,0.04489709
由奈,4,4,0,f,0.002015748
由美,78,78,0,f,0.001
由美香,3,3,0,f,0.009513213
由美子,106,106,0,f,0.001
由布,2,2,0,f,0.04489709
由利,2,2,0,f,0.04489709
由利恵,2,2,0,f,0.04489709
由利子,5,5,0,f,0.0004271156
由梨,2,2,0,f,0.04489709
由理,6,6,0,f,9.050123E-05
由理子,2,2,0,f,0.04489709
由里,9,9,0,f,8.609575E-07
由里子,5,5,0,f,0.0004271156
由莉,3,3,0,f,0.009513213
祐,21,1,20,m,0.0447602
祐一,53,0,53,m,0.001
祐一郎,17,0,17,m,0.01745752
祐佳,3,3,0,f,0.009513213
祐加,3,3,0,f,0.009513213
祐介,85,0,85,m,0.001
祐貴,16,0,16,m,0.0221511
祐月,2,2,0,f,0.04489709
祐司,43,0,43,m,0.001
祐子,62,62,0,f,0.001
祐治,21,0,21,m,0.006734904
祐樹,41,0,41,m,0.001
祐太,38,0,38,m,0.002
祐二,45,0,45,m,0.001
祐美,10,10,0,f,1.824277E-07
祐美子,7,7,0,f,1.917624E-05
祐輔,43,0,43,m,0.001
祐巳,2,2,0,f,0.04489709
祐也,18,0,18,m,0.01375846
裕,94,1,93,m,0.001
裕一,82,0,82,m,0.001
裕佳,4,3,1,f,0.03200561
裕加里,2,2,0,f,0.04489709
裕夏,3,3,0,f,0.009513213
裕介,75,0,75,m,0.001
裕貴,39,0,39,m,0.002
裕幸,21,0,21,m,0.006734904
裕行,19,0,19,m,0.01084319
裕香,4,4,0,f,0.002015748
裕香子,2,2,0,f,0.04489709
裕司,86,0,86,m,0.001
裕史,35,0,35,m,0.003
裕士,18,0,18,m,0.01375846
裕子,188,188,0,f,0.001
裕次,18,0,18,m,0.01375846
裕治,18,0,18,m,0.01375846
裕実,2,2,0,f,0.04489709
裕樹,57,0,57,m,0.001
裕章,13,0,13,m,0.04525158
裕人,18,0,18,m,0.01375846
裕太,47,0,47,m,0.001
裕代,2,2,0,f,0.04489709
裕二,66,0,66,m,0.001
裕之,119,0,119,m,0.001
裕美,65,65,0,f,0.001
裕美子,20,20,0,f,3.327987E-14
裕明,14,0,14,m,0.03566325
裕也,41,0,41,m,0.001
雄,20,0,20,m,0.008545632
雄一,98,0,98,m,0.001
雄一郎,54,0,54,m,0.001
雄介,37,0,37,m,0.003
雄基,13,0,13,m,0.04525158
雄貴,17,0,17,m,0.01745752
雄三,22,0,22,m,0.005307849
雄司,19,0,19,m,0.01084319
雄樹,13,0,13,m,0.04525158
雄太,57,0,57,m,0.001
雄大,48,0,48,m,0.001
雄二,55,0,55,m,0.001
雄也,15,0,15,m,0.02810659
夕紀子,2,2,0,f,0.04489709
夕貴,3,3,0,f,0.009513213
夕香里,2,2,0,f,0.04489709
夕子,5,5,0,f,0.0004271156
誉子,3,3,0,f,0.009513213
容子,30,30,0,f,0.001
庸子,4,4,0,f,0.002015748
曜子,4,4,0,f,0.002015748
洋,114,0,114,m,0.001
洋一,125,0,125,m,0.001
洋一郎,22,0,22,m,0.005307849
洋介,55,0,55,m,0.001
洋行,15,0,15,m,0.02810659
洋史,14,0,14,m,0.03566325
洋子,89,89,0,f,0.001
洋志,13,0,13,m,0.04525158
洋樹,19,0,19,m,0.01084319
洋二,26,0,26,m,0.009
洋之,20,0,20,m,0.008545632
洋美,16,15,1,f,9.990345E-10
洋平,68,0,68,m,0.001
洋輔,16,0,16,m,0.0221511
葉月,9,9,0,f,8.609575E-07
葉子,21,21,0,f,7.051649E-15
蓉子,2,2,0,f,0.04489709
要,34,0,34,m,0.003
遥,15,13,2,f,1.176082E-07
遥香,7,7,0,f,1.917624E-05
遥菜,3,3,0,f,0.009513213
遥奈,2,2,0,f,0.04489709
陽一,65,0,65,m,0.001
陽一郎,18,0,18,m,0.01375846
陽介,68,0,68,m,0.001
陽菜,12,12,0,f,8.190473E-09
陽子,153,153,0,f,0.001
陽代,2,2,0,f,0.04489709
陽平,47,0,47,m,0.001
翼,64,0,64,m,0.001
来美,2,2,0,f,0.04489709
来夢,2,2,0,f,0.04489709
頼子,3,3,0,f,0.009513213
藍,5,5,0,f,0.0004271156
藍子,2,2,0,f,0.04489709
蘭,4,4,0,f,0.002015748
利一,13,0,13,m,0.04525158
利佳,6,6,0,f,9.050123E-05
利加,2,2,0,f,0.04489709
利華,2,2,0,f,0.04489709
利恵,6,6,0,f,9.050123E-05
利恵子,6,6,0,f,9.050123E-05
利幸,26,0,26,m,0.009
利江,5,5,0,f,0.0004271156
利香,3,3,0,f,0.009513213
利枝,9,9,0,f,8.609575E-07
利津子,3,3,0,f,0.009513213
利奈,2,2,0,f,0.04489709
利之,19,0,19,m,0.01084319
利彦,25,0,25,m,0.01
利夫,15,0,15,m,0.02810659
利明,29,0,29,m,0.006
李佳,2,2,0,f,0.04489709
梨央,3,3,0,f,0.009513213
梨佳,2,2,0,f,0.04489709
梨花,5,5,0,f,0.0004271156
梨絵,9,9,0,f,8.609575E-07
梨恵,8,8,0,f,4.063242E-06
梨江,2,2,0,f,0.04489709
梨香,4,4,0,f,0.002015748
梨沙,9,9,0,f,8.609575E-07
梨菜,2,2,0,f,0.04489709
梨紗,5,5,0,f,0.0004271156
梨緒,3,3,0,f,0.009513213
梨奈,5,5,0,f,0.0004271156
梨乃,4,4,0,f,0.002015748
理,44,0,44,m,0.001
理英子,2,2,0,f,0.04489709
理佳,6,6,0,f,9.050123E-05
理加,7,7,0,f,1.917624E-05
理華,2,2,0,f,0.04489709
理絵,14,14,0,f,3.677284E-10
理恵,64,64,0,f,0.001
理恵子,16,16,0,f,1.650993E-11
理江,2,2,0,f,0.04489709
理江子,2,2,0,f,0.04489709
理香,6,6,0,f,9.050123E-05
理佐,4,4,0,f,0.002015748
理沙,10,10,0,f,1.824277E-07
理沙子,2,2,0,f,0.04489709
理菜,3,3,0,f,0.009513213
理子,8,8,0,f,4.063242E-06
理紗,4,4,0,f,0.002015748
理奈,4,4,0,f,0.002015748
理惠,2,2,0,f,0.04489709
璃子,2,2,0,f,0.04489709
里映,2,2,0,f,0.04489709
里栄,2,2,0,f,0.04489709
里佳,11,11,0,f,3.865448E-08
里佳子,3,3,0,f,0.009513213
里絵,2,2,0,f,0.04489709
里恵,7,7,0,f,1.917624E-05
里江,2,2,0,f,0.04489709
里香,11,11,0,f,3.865448E-08
里沙,6,6,0,f,9.050123E-05
里彩,2,2,0,f,0.04489709
里菜,2,2,0,f,0.04489709
里咲,2,2,0,f,0.04489709
里子,6,6,0,f,9.050123E-05
里枝,3,3,0,f,0.009513213
里枝子,2,2,0,f,0.04489709
里実,4,4,0,f,0.002015748
里紗,5,5,0,f,0.0004271156
里織,2,2,0,f,0.04489709
里奈,24,24,0,f,0.001
里美,56,56,0,f,0.001
里歩,2,2,0,f,0.04489709
陸,20,0,20,m,0.008545632
律子,23,23,0,f,3.165985E-16
留衣,2,2,0,f,0.04489709
留美,10,10,0,f,1.824277E-07
留美子,6,6,0,f,9.050123E-05
隆,165,0,165,m,0.001
隆一,36,0,36,m,0.003
隆宏,23,0,23,m,0.004183173
隆幸,34,0,34,m,0.003
隆広,13,0,13,m,0.04525158
隆弘,36,0,36,m,0.003
隆行,42,0,42,m,0.001
隆司,47,0,47,m,0.001
隆史,48,0,48,m,0.001
隆子,6,6,0,f,9.050123E-05
隆志,71,0,71,m,0.001
隆太,19,0,19,m,0.01084319
隆二,17,0,17,m,0.01745752
隆之,66,0,66,m,0.001
隆博,17,0,17,m,0.01745752
隆彦,17,0,17,m,0.01745752
隆夫,24,0,24,m,0.012
隆文,15,0,15,m,0.02810659
隆雄,18,0,18,m,0.01375846
竜,15,0,15,m,0.02810659
竜一,30,0,30,m,0.005
竜太,19,0,19,m,0.01084319
竜太郎,18,0,18,m,0.01375846
竜二,18,0,18,m,0.01375846
竜也,52,0,52,m,0.001
龍,18,0,18,m,0.01375846
龍一,24,0,24,m,0.012
龍子,2,2,0,f,0.04489709
亮,155,1,154,m,0.001
亮一,23,0,23,m,0.004183173
亮介,39,0,39,m,0.002
亮子,20,20,0,f,3.327987E-14
亮太,81,0,81,m,0.001
亮二,15,0,15,m,0.02810659
亮平,31,0,31,m,0.005
亮輔,13,0,13,m,0.04525158
凌,16,0,16,m,0.0221511
涼,34,1,33,m,0.01
涼香,2,2,0,f,0.04489709
涼子,27,27,0,f,0.001
涼太,19,0,19,m,0.01084319
良,35,1,34,m,0.009
良一,40,1,39,m,0.005
良介,23,0,23,m,0.004183173
良恵,2,2,0,f,0.04489709
良幸,14,0,14,m,0.03566325
良江,3,3,0,f,0.009513213
良子,39,39,0,f,0.001
良枝,4,4,0,f,0.002015748
良治,22,0,22,m,0.005307849
良樹,14,0,14,m,0.03566325
良太,53,0,53,m,0.001
良二,17,0,17,m,0.01745752
良美,7,4,3,f,0.04062505
良平,35,0,35,m,0.003
良明,17,0,17,m,0.01745752
良雄,13,0,13,m,0.04525158
諒,39,1,38,m,0.005
遼,28,1,27,m,0.023
遼子,2,2,0,f,0.04489709
陵子,2,2,0,f,0.04489709
力,62,0,62,m,0.001
緑,12,12,0,f,8.190473E-09
緑子,3,3,0,f,0.009513213
倫恵,2,2,0,f,0.04489709
倫子,19,19,0,f,1.570625E-13
倫代,6,6,0,f,9.050123E-05
瑠菜,5,5,0,f,0.0004271156
瑠奈,2,2,0,f,0.04489709
瑠那,2,2,0,f,0.04489709
瑠美,5,5,0,f,0.0004271156
瑠美子,2,2,0,f,0.04489709
瑠里子,2,2,0,f,0.04489709
令子,8,8,0,f,4.063242E-06
怜子,4,4,0,f,0.002015748
怜実,2,2,0,f,0.04489709
怜美,2,2,0,f,0.04489709
玲香,2,2,0,f,0.04489709
玲菜,4,4,0,f,0.002015748
玲子,52,52,0,f,0.001
玲奈,15,15,0,f,7.791771E-11
玲那,2,2,0,f,0.04489709
礼子,23,23,0,f,3.165985E-16
礼実,2,2,0,f,0.04489709
礼奈,3,3,0,f,0.009513213
礼美,3,3,0,f,0.009513213
鈴,2,2,0,f,0.04489709
鈴花,2,2,0,f,0.04489709
鈴香,2,2,0,f,0.04489709
鈴子,9,9,0,f,8.609575E-07
鈴代,2,2,0,f,0.04489709
鈴奈,2,2,0,f,0.04489709
麗,10,9,1,f,6.967726E-06
麗夏,2,2,0,f,0.04489709
麗子,9,9,0,f,8.609575E-07
麗乃,2,2,0,f,0.04489709
路子,10,10,0,f,1.824277E-07
朗,32,0,32,m,0.004
朗子,2,2,0,f,0.04489709
和栄,5,5,0,f,0.0004271156
和佳子,5,5,0,f,0.0004271156
和歌子,2,2,0,f,0.04489709
和花,2,2,0,f,0.04489709
和希,13,0,13,m,0.04525158
和紀,14,0,14,m,0.03566325
和貴,23,0,23,m,0.004183173
和輝,22,0,22,m,0.005307849
和義,25,0,25,m,0.01
和久,52,0,52,m,0.001
和恵,12,12,0,f,8.190473E-09
和憲,18,0,18,m,0.01375846
和孝,15,0,15,m,0.02810659
和宏,69,0,69,m,0.001
和幸,59,0,59,m,0.001
和広,27,0,27,m,0.008
和弘,71,0,71,m,0.001
和江,8,8,0,f,4.063242E-06
和浩,16,0,16,m,0.0221511
和行,14,0,14,m,0.03566325
和香,2,2,0,f,0.04489709
和香奈,2,2,0,f,0.04489709
和哉,30,0,30,m,0.005
和史,13,0,13,m,0.04525158
和子,71,71,0,f,0.001
和志,20,0,20,m,0.008545632
和枝,12,12,0,f,8.190473E-09
和樹,53,0,53,m,0.001
和重,14,0,14,m,0.03566325
和昭,15,0,15,m,0.02810659
和真,21,0,21,m,0.006734904
和人,33,0,33,m,0.004
和仁,21,0,21,m,0.006734904
和世,3,3,0,f,0.009513213
和成,29,0,29,m,0.006
和正,26,0,26,m,0.009
和奏,3,3,0,f,0.009513213
和則,30,0,30,m,0.005
和代,37,37,0,f,0.001
和男,37,0,37,m,0.003
和典,27,0,27,m,0.008
和徳,19,0,19,m,0.01084319
和之,48,0,48,m,0.001
和博,26,0,26,m,0.009
和美,97,80,17,f,0.001
和彦,172,0,172,m,0.001
和夫,57,0,57,m,0.001
和明,40,0,40,m,0.002
和也,149,0,149,m,0.001
和裕,18,0,18,m,0.01375846
和雄,28,0,28,m,0.007
和洋,14,0,14,m,0.03566325
亘,38,0,38,m,0.002
侑子,6,6,0,f,9.050123E-05
侑莉,2,2,0,f,0.04489709
凛,6,5,1,f,0.002110187
凛音,2,2,0,f,0.04489709
惠子,10,10,0,f,1.824277E-07
惠美,2,2,0,f,0.04489709
栞,7,7,0,f,1.917624E-05
栞奈,5,5,0,f,0.0004271156
栞里,2,2,0,f,0.04489709
澪,3,3,0,f,0.009513213
眞一,20,0,20,m,0.008545632
眞弓,8,7,1,f,0.0001249673
眞子,2,2,0,f,0.04489709
眞寿美,2,2,0,f,0.04489709
眞美,2,2,0,f,0.04489709
眞有美,2,2,0,f,0.04489709
眞由美,8,8,0,f,4.063242E-06
眞裕美,2,2,0,f,0.04489709
眞理子,6,6,0,f,9.050123E-05
禮子,2,2,0,f,0.04489709
綺星,2,2,0,f,0.04489709
翔,95,1,94,m,0.001
翔一,14,0,14,m,0.03566325
翔吾,14,0,14,m,0.03566325
翔子,12,12,0,f,8.190473E-09
翔太,86,0,86,m,0.001
翔太郎,15,0,15,m,0.02810659
翔大,14,0,14,m,0.03566325
翔平,39,0,39,m,0.002
聰子,2,2,0,f,0.04489709
苺香,2,2,0,f,0.04489709
茉央,2,2,0,f,0.04489709
茉奈,2,2,0,f,0.04489709
茉莉,3,3,0,f,0.009513213
茉莉亜,2,2,0,f,0.04489709
莉華,2,2,0,f,0.04489709
莉緒,2,2,0,f,0.04489709
莉穂,3,3,0,f,0.009513213
颯月,2,2,0,f,0.04489709
颯太,15,0,15,m,0.02810659
凜,5,4,1,f,0.008370279
凜花,2,2,0,f,0.04489709
凜香,2,2,0,f,0.04489709
